Materiale,نیاز به بررسی,Ho imparato la parola “Materiale”.
Pelle,پوست / چرم,Ho imparato la parola “Pelle”.
A righe,راه‌راه,L’espressione “A righe” è utile in italiano.
A quadri,چهارخانه,L’espressione “A quadri” è utile in italiano.
Di lana,پشمی,L’espressione “Di lana” è utile in italiano.
Di cotone,نخی / پنبه‌ای,L’espressione “Di cotone” è utile in italiano.
Di seta,ابریشمی,L’espressione “Di seta” è utile in italiano.
Vestirsi,لباس پوشیدن,Devo vestirsi oggi.
Vestito,لباس / کت‌وشلوار,Ho imparato la parola “Vestito”.
Grigio,خاکستری,Ho imparato la parola “Grigio”.
Sopra,بالا / روی,Ho imparato la parola “Sopra”.
Portare,پوشیدن / حمل کردن,Devo portare oggi.
Cravatta,کراوات,Ho imparato la parola “Cravatta”.
Impermeabile,بارانی / ضدآب,Ho imparato la parola “Impermeabile”.
Beige,بژ,Ho imparato la parola “Beige”.
Aderente,تنگ / چسبان,Ho imparato la parola “Aderente”.
Stivali,چکمه‌ها,Ho imparato la parola “Stivali”.
Indossare,پوشیدن,Devo indossare oggi.
Maglietta,تی‌شرت,Ho imparato la parola “Maglietta”.
Occhiali da sole,عینک آفتابی,L’espressione “Occhiali da sole” è utile in italiano.
Un paio di,یک جفت از,L’espressione “Un paio di” è utile in italiano.
Giacca,ژاکت / کت,Ho imparato la parola “Giacca”.
Celeste,نیاز به بررسی,Ho imparato la parola “Celeste”.
Cappotto,نیاز به بررسی,Ho imparato la parola “Cappotto”.
Azzurro,نیاز به بررسی,Ho imparato la parola “Azzurro”.
Borsetta,نیاز به بررسی,Ho imparato la parola “Borsetta”.
Scarpe,نیاز به بررسی,Ho imparato la parola “Scarpe”.
Con il tacco,نیاز به بررسی,L’espressione “Con il tacco” è utile in italiano.
Mettere,نیاز به بررسی,Devo mettere oggi.
A collo alto,نیاز به بررسی,L’espressione “A collo alto” è utile in italiano.
Abbigliamento,نیاز به بررسی,Ho imparato la parola “Abbigliamento”.
Gonna,نیاز به بررسی,Ho imparato la parola “Gonna”.
Camicetta,نیاز به بررسی,Ho imparato la parola “Camicetta”.
Scarpe basse,نیاز به بررسی,L’espressione “Scarpe basse” è utile in italiano.
Arancione,نیاز به بررسی,Ho imparato la parola “Arancione”.
Giaccone,نیاز به بررسی,Ho imparato la parola “Giaccone”.
Pullover,نیاز به بررسی,Ho imparato la parola “Pullover”.
Giovanile,نیاز به بررسی,Ho imparato la parola “Giovanile”.
Da uomo,نیاز به بررسی,L’espressione “Da uomo” è utile in italiano.
Taglia,نیاز به بررسی,Ho imparato la parola “Taglia”.
Regalo,نیاز به بررسی,Ho imparato la parola “Regalo”.
Mi sembra,نیاز به بررسی,L’espressione “Mi sembra” è utile in italiano.
Capo,نیاز به بررسی,Ho imparato la parola “Capo”.
Dunque,نیاز به بررسی,Ho imparato la parola “Dunque”.
Caro,نیاز به بررسی,Ho imparato la parola “Caro”.
Di ottima qualità,نیاز به بررسی,L’espressione “Di ottima qualità” è utile in italiano.
Si vede,نیاز به بررسی,L’espressione “Si vede” è utile in italiano.
Eventualmente,نیاز به بررسی,Ho imparato la parola “Eventualmente”.
Gli sta bene,نیاز به بررسی,L’espressione “Gli sta bene” è utile in italiano.
Conservare,نیاز به بررسی,Devo conservare oggi.
Scontrino,نیاز به بررسی,Ho imparato la parola “Scontrino”.
Esprimere,نیاز به بررسی,Devo esprimere oggi.
Dubbio,نیاز به بررسی,Ho imparato la parola “Dubbio”.
Articolo,نیاز به بررسی,Ho imparato la parola “Articolo”.
In base a,نیاز به بررسی,L’espressione “In base a” è utile in italiano.
Indicazioni,نیاز به بررسی,Ho imparato la parola “Indicazioni”.
Trovare,پیدا کردن,Devo trovare oggi.
Interpretare,نیاز به بررسی,Devo interpretare oggi.
Le scarpe da ginnastica,نیاز به بررسی,L’espressione “Le scarpe da ginnastica” è utile in italiano.
Pelliccia,نیاز به بررسی,Ho imparato la parola “Pelliccia”.
Cappello,نیاز به بررسی,Ho imparato la parola “Cappello”.
I sandali,نیاز به بررسی,L’espressione “I sandali” è utile in italiano.
Cintura,نیاز به بررسی,Ho imparato la parola “Cintura”.
Pesante,سنگین,Ho imparato la parola “Pesante”.
Corto,نیاز به بررسی,Ho imparato la parola “Corto”.
Largo,نیاز به بررسی,Ho imparato la parola “Largo”.
Sciarpa,نیاز به بررسی,Ho imparato la parola “Sciarpa”.
Gusto,نیاز به بررسی,Ho imparato la parola “Gusto”.
Negozio di calzature,نیاز به بررسی,L’espressione “Negozio di calzature” è utile in italiano.
Mocassini,نیاز به بررسی,Ho imparato la parola “Mocassini”.
Verificare,نیاز به بررسی,Devo verificare oggi.
Provare,نیاز به بررسی,Devo provare oggi.
Prezzo,نیاز به بررسی,Ho imparato la parola “Prezzo”.
Spendere,نیاز به بررسی,Devo spendere oggi.
Che ne dici?,نیاز به بررسی,L’espressione “Che ne dici?” è utile in italiano.
Sconto,نیاز به بررسی,Ho imparato la parola “Sconto”.
Ragionevole,نیاز به بررسی,Ho imparato la parola “Ragionevole”.
Stretto,نیاز به بررسی,Ho imparato la parola “Stretto”.
Sotto,نیاز به بررسی,Ho imparato la parola “Sotto”.
Imperativo,نیاز به بررسی,Ho imparato la parola “Imperativo”.
Pubblicità,نیاز به بررسی,Ho imparato la parola “Pubblicità”.
Acquistare,نیاز به بررسی,Devo acquistare oggi.
Leggero,نیاز به بررسی,Ho imparato la parola “Leggero”.
Centro commerciale,نیاز به بررسی,L’espressione “Centro commerciale” è utile in italiano.
Opinione,نیاز به بررسی,Ho imparato la parola “Opinione”.
Il punto di vista,نیاز به بررسی,L’espressione “Il punto di vista” è utile in italiano.
Favorevole,نیاز به بررسی,Ho imparato la parola “Favorevole”.
Apertura,نیاز به بررسی,Ho imparato la parola “Apertura”.
Domenicale,نیاز به بررسی,Ho imparato la parola “Domenicale”.
Questione,نیاز به بررسی,Ho imparato la parola “Questione”.
Comodità,نیاز به بررسی,Ho imparato la parola “Comodità”.
Durante,نیاز به بررسی,Ho imparato la parola “Durante”.
Pratico,نیاز به بررسی,Ho imparato la parola “Pratico”.
Casalinga,نیاز به بررسی,Ho imparato la parola “Casalinga”.
Riposo,استراحت,Ho imparato la parola “Riposo”.
Bastare,کافی بودن,Devo bastare oggi.
Organizzarsi,خود را سازمان‌دهی کردن,Devo organizzarsi oggi.
Anonimo,ناشناس,Ho imparato la parola “Anonimo”.
Infrasettimanale,میان‌هفته‌ای,Ho imparato la parola “Infrasettimanale”.
Piacevole,دلپذیر,Ho imparato la parola “Piacevole”.
Festivo,تعطیلی / جشن,Ho imparato la parola “Festivo”.
Pulire,تمیز کردن,Devo pulire oggi.
Bolletta,قبض,Ho imparato la parola “Bolletta”.
Cose del genere,چیزهایی از این نوع,Devo cose del genere oggi.
Disagio,ناراحتی / مشکل,Ho imparato la parola “Disagio”.
Doloroso,دردناک,Ho imparato la parola “Doloroso”.
Identità,هویت,Ho imparato la parola “Identità”.
Situazione,وضعیت,Ho imparato la parola “Situazione”.
Giubbotto,کاپشن,Ho imparato la parola “Giubbotto”.
Il nero,رنگ سیاه,L’espressione “Il nero” è utile in italiano.
Il rosso,رنگ قرمز,L’espressione “Il rosso” è utile in italiano.
La settimana bianca,هفته اسکی,L’espressione “La settimana bianca” è utile in italiano.
Calzini,نیاز به بررسی,Ho imparato la parola “Calzini”.
Fascetta,نیاز به بررسی,Ho imparato la parola “Fascetta”.
Tuta da sci,نیاز به بررسی,L’espressione “Tuta da sci” è utile in italiano.
Scarponi,نیاز به بررسی,Ho imparato la parola “Scarponi”.
Maglione,نیاز به بررسی,Ho imparato la parola “Maglione”.
Accappatoio,نیاز به بررسی,Ho imparato la parola “Accappatoio”.
Costume da bagno,نیاز به بررسی,L’espressione “Costume da bagno” è utile in italiano.
Giacca a vento,نیاز به بررسی,L’espressione “Giacca a vento” è utile in italiano.
Pantaloncini,نیاز به بررسی,Ho imparato la parola “Pantaloncini”.
Indumento,نیاز به بررسی,Ho imparato la parola “Indumento”.
Esperto,نیاز به بررسی,Ho imparato la parola “Esperto”.
Alla fine,نیاز به بررسی,L’espressione “Alla fine” è utile in italiano.
a V,نیاز به بررسی,L’espressione “a V” è utile in italiano.
Girocollo,نیاز به بررسی,Ho imparato la parola “Girocollo”.
A maniche corte,نیاز به بررسی,L’espressione “A maniche corte” è utile in italiano.
A maniche lunghe,نیاز به بررسی,L’espressione “A maniche lunghe” è utile in italiano.
A pois,نیاز به بررسی,L’espressione “A pois” è utile in italiano.
A fiori,نیاز به بررسی,L’espressione “A fiori” è utile in italiano.
Tinta unita,نیاز به بررسی,L’espressione “Tinta unita” è utile in italiano.
Di lino,نیاز به بررسی,L’espressione “Di lino” è utile in italiano.
Cuoio,نیاز به بررسی,Ho imparato la parola “Cuoio”.
Le medicine,نیاز به بررسی,L’espressione “Le medicine” è utile in italiano.
Riparare,نیاز به بررسی,Devo riparare oggi.
Tagliare,نیاز به بررسی,Devo tagliare oggi.
Quaderno,نیاز به بررسی,Ho imparato la parola “Quaderno”.
Profumeria,نیاز به بررسی,Ho imparato la parola “Profumeria”.
Cartoleria,نیاز به بررسی,Ho imparato la parola “Cartoleria”.
Parrucchiere,نیاز به بررسی,Devo parrucchiere oggi.
Casella,نیاز به بررسی,Ho imparato la parola “Casella”.
Recitare,نیاز به بررسی,Devo recitare oggi.
Anello,نیاز به بررسی,Ho imparato la parola “Anello”.
Misterioso,نیاز به بررسی,Ho imparato la parola “Misterioso”.
Mettere in scena,نیاز به بررسی,L’espressione “Mettere in scena” è utile in italiano.
Svolgersi,نیاز به بررسی,Devo svolgersi oggi.
Caffè culturale,کافه فرهنگی,L’espressione “Caffè culturale” è utile in italiano.
Passione,نیاز به بررسی,Ho imparato la parola “Passione”.
Associato,نیاز به بررسی,Ho imparato la parola “Associato”.
Porta fortuna,نیاز به بررسی,L’espressione “Porta fortuna” è utile in italiano.
Luce,نیاز به بررسی,Ho imparato la parola “Luce”.
Sole,نیاز به بررسی,Ho imparato la parola “Sole”.
Vivace,نیاز به بررسی,Ho imparato la parola “Vivace”.
Fantasia,نیاز به بررسی,Ho imparato la parola “Fantasia”.
Attenti,نیاز به بررسی,Ho imparato la parola “Attenti”.
Crimine,نیاز به بررسی,Ho imparato la parola “Crimine”.
Delitto,نیاز به بررسی,Ho imparato la parola “Delitto”.
Indagine,نیاز به بررسی,Ho imparato la parola “Indagine”.
Rappresentare,نیاز به بررسی,Devo rappresentare oggi.
Assenza,نیاز به بررسی,Ho imparato la parola “Assenza”.
Lutto,نیاز به بررسی,Ho imparato la parola “Lutto”.
Funerale,نیاز به بررسی,Ho imparato la parola “Funerale”.
Eleganza,نیاز به بررسی,Ho imparato la parola “Eleganza”.
Modi dire,نیاز به بررسی,Devo modi dire oggi.
Contratto,نیاز به بررسی,Ho imparato la parola “Contratto”.
Sfortunato,نیاز به بررسی,Ho imparato la parola “Sfortunato”.
Visione,نیاز به بررسی,Ho imparato la parola “Visione”.
Sfortuna,نیاز به بررسی,Ho imparato la parola “Sfortuna”.
Religione,نیاز به بررسی,Ho imparato la parola “Religione”.
Cristiano,نیاز به بررسی,Ho imparato la parola “Cristiano”.
Tristezza,نیاز به بررسی,Ho imparato la parola “Tristezza”.
Risultato,نتیجه,Ho imparato la parola “Risultato”.
Unione,نیاز به بررسی,Ho imparato la parola “Unione”.
Sintesi,نیاز به بررسی,Ho imparato la parola “Sintesi”.
Caratteristica,نیاز به بررسی,Ho imparato la parola “Caratteristica”.
Calma,نیاز به بررسی,Ho imparato la parola “Calma”.
Equilibrio,نیاز به بررسی,Ho imparato la parola “Equilibrio”.
Armonia,نیاز به بررسی,Ho imparato la parola “Armonia”.
Caos,نیاز به بررسی,Ho imparato la parola “Caos”.
Ambiente,نیاز به بررسی,Ho imparato la parola “Ambiente”.
Rumoroso,نیاز به بررسی,Ho imparato la parola “Rumoroso”.
Affollato,شلوغ,Ho imparato la parola “Affollato”.
Speranza,نیاز به بررسی,Ho imparato la parola “Speranza”.
Diffuso,نیاز به بررسی,Ho imparato la parola “Diffuso”.
Invidia,نیاز به بررسی,Ho imparato la parola “Invidia”.
Rabbia,نیاز به بررسی,Ho imparato la parola “Rabbia”.
Al contrario di,نیاز به بررسی,L’espressione “Al contrario di” è utile in italiano.
Combinazione,ترکیب,Ho imparato la parola “Combinazione”.
Purezza,پاکی / خلوص,Ho imparato la parola “Purezza”.
Angelo,فرشته,Ho imparato la parola “Angelo”.
Neve,برف,Ho imparato la parola “Neve”.
Sulla porta,روی در / دم در,L’espressione “Sulla porta” è utile in italiano.
Nastro,روبان / نوار,Ho imparato la parola “Nastro”.
Femminilità,زنانگی,Ho imparato la parola “Femminilità”.
Dolcezza,شیرینی / لطافت,Ho imparato la parola “Dolcezza”.
Gentilezza,مهربانی,Ho imparato la parola “Gentilezza”.
Romanzi sentimentali,رمان‌های عاشقانه,L’espressione “Romanzi sentimentali” è utile in italiano.
Ottimista,خوش‌بین,Ho imparato la parola “Ottimista”.
Lezione 2,درس 2,Siamo alla Lezione 2.
Proteggere,محافظت کردن,Devo proteggere oggi.
Eurispes,نیاز به بررسی,Ho imparato la parola “Eurispes”.
Crescere,رشد کردن,Devo crescere oggi.
Cresciuto,رشد کرده,Ho imparato la parola “Cresciuto”.
Coscienza,آگاهی / وجدان,Ho imparato la parola “Coscienza”.
Animalista,حامی حیوانات,Ho imparato la parola “Animalista”.
Amato,نیاز به بررسی,Ho imparato la parola “Amato”.
Temuto,نیاز به بررسی,Ho imparato la parola “Temuto”.
Temere,نیاز به بررسی,Devo temere oggi.
Serpente,نیاز به بررسی,Ho imparato la parola “Serpente”.
Leone,نیاز به بررسی,Ho imparato la parola “Leone”.
Delfino,نیاز به بررسی,Ho imparato la parola “Delfino”.
Accontentato,نیاز به بررسی,Ho imparato la parola “Accontentato”.
Maggioranza,نیاز به بررسی,Ho imparato la parola “Maggioranza”.
Muro,نیاز به بررسی,Ho imparato la parola “Muro”.
Domestico,نیاز به بررسی,Ho imparato la parola “Domestico”.
Ormai,نیاز به بررسی,Ho imparato la parola “Ormai”.
Spazio,نیاز به بررسی,Ho imparato la parola “Spazio”.
Tartaruga,نیاز به بررسی,Ho imparato la parola “Tartaruga”.
Criceto,نیاز به بررسی,Ho imparato la parola “Criceto”.
Coniglio,نیاز به بررسی,Ho imparato la parola “Coniglio”.
Trasformarsi,نیاز به بررسی,Devo trasformarsi oggi.
Ghepardo,نیاز به بررسی,Ho imparato la parola “Ghepardo”.
Identificarsi,نیاز به بررسی,Devo identificarsi oggi.
Forte,نیاز به بررسی,Ho imparato la parola “Forte”.
Farfalla,نیاز به بررسی,Ho imparato la parola “Farfalla”.
Rimanere,نیاز به بررسی,Devo rimanere oggi.
Odiato,نیاز به بررسی,Ho imparato la parola “Odiato”.
Comparire,نیاز به بررسی,Devo comparire oggi.
Maggiore,نیاز به بررسی,Ho imparato la parola “Maggiore”.
Sondaggio,نیاز به بررسی,Ho imparato la parola “Sondaggio”.
Nota,نیاز به بررسی,Ho imparato la parola “Nota”.
Da piccolo/a,نیاز به بررسی,L’espressione “Da piccolo/a” è utile in italiano.
Adatto,نیاز به بررسی,Ho imparato la parola “Adatto”.
Ricordare,نیاز به بررسی,Devo ricordare oggi.
Viziare,نیاز به بررسی,Devo viziare oggi.
Essere allergico a,نیاز به بررسی,L’espressione “Essere allergico a” è utile in italiano.
Accompagnare,نیاز به بررسی,Devo accompagnare oggi.
Incredibile,نیاز به بررسی,Ho imparato la parola “Incredibile”.
Riuscire a,نیاز به بررسی,L’espressione “Riuscire a” è utile in italiano.
Riconoscere,نیاز به بررسی,Devo riconoscere oggi.
Rumore,نیاز به بررسی,Ho imparato la parola “Rumore”.
Peccato,نیاز به بررسی,Ho imparato la parola “Peccato”.
Campagna,نیاز به بررسی,Ho imparato la parola “Campagna”.
Soffrire,نیاز به بررسی,Devo soffrire oggi.
Dipendere,نیاز به بررسی,Devo dipendere oggi.
Ragione,نیاز به بررسی,Ho imparato la parola “Ragione”.
Raccontare,نیاز به بررسی,Devo raccontare oggi.
Infanzia,نیاز به بررسی,Ho imparato la parola “Infanzia”.
Fattoria,نیاز به بررسی,Ho imparato la parola “Fattoria”.
Trascorrere,نیاز به بررسی,Devo trascorrere oggi.
Niente,نیاز به بررسی,Ho imparato la parola “Niente”.
Razza,نیاز به بررسی,Ho imparato la parola “Razza”.
Sporco,نیاز به بررسی,Ho imparato la parola “Sporco”.
Portare fuori,نیاز به بررسی,L’espressione “Portare fuori” è utile in italiano.
Pro,نیاز به بررسی,Ho imparato la parola “Pro”.
Contro,نیاز به بررسی,Ho imparato la parola “Contro”.
Contrario,نیاز به بررسی,Ho imparato la parola “Contrario”.
Familiare,نیاز به بررسی,Devo familiare oggi.
Chiacchierare,نیاز به بررسی,Devo chiacchierare oggi.
Corridoio,نیاز به بررسی,Ho imparato la parola “Corridoio”.
A dire la verità,نیاز به بررسی,L’espressione “A dire la verità” è utile in italiano.
Noioso,نیاز به بررسی,Ho imparato la parola “Noioso”.
Triste,نیاز به بررسی,Ho imparato la parola “Triste”.
Enorme,نیاز به بررسی,Ho imparato la parola “Enorme”.
Paura,نیاز به بررسی,Ho imparato la parola “Paura”.
Poverino/a,نیاز به بررسی,Ho imparato la parola “Poverino/a”.
Paese,نیاز به بررسی,Ho imparato la parola “Paese”.
Aveva la mia età,نیاز به بررسی,L’espressione “Aveva la mia età” è utile in italiano.
Antipatico,نیاز به بررسی,Ho imparato la parola “Antipatico”.
Paesino,نیاز به بررسی,Ho imparato la parola “Paesino”.
Azione,نیاز به بررسی,Ho imparato la parola “Azione”.
Abituale,نیاز به بررسی,Ho imparato la parola “Abituale”.
Avere luogo,نیاز به بررسی,L’espressione “Avere luogo” è utile in italiano.
Annoiarsi,نیاز به بررسی,Devo annoiarsi oggi.
Nel corso di,در طولِ,L’espressione “Nel corso di” è utile in italiano.
Carriera,حرفه / مسیر شغلی,Ho imparato la parola “Carriera”.
Personaggio,شخصیت,Ho imparato la parola “Personaggio”.
Noto,شناخته‌شده,Ho imparato la parola “Noto”.
Raccolto,جمع‌آوری‌شده / برداشت,Ho imparato la parola “Raccolto”.
Raccogliere,جمع‌آوری کردن,Devo raccogliere oggi.
Volume,حجم / کتاب,Ho imparato la parola “Volume”.
Correttamente,به‌درستی,Ho imparato la parola “Correttamente”.
Chiuso,بسته,Ho imparato la parola “Chiuso”.
Felice,خوشحال,Ho imparato la parola “Felice”.
Con piacere,با کمال میل,Devo con piacere oggi.
Certo,البته / حتماً,Ho imparato la parola “Certo”.
Senso,معنا / حس,Ho imparato la parola “Senso”.
Tormentare,آزار دادن,Devo tormentare oggi.
Sensazione,احساس,Ho imparato la parola “Sensazione”.
Inventare le malattie,بیماری‌ها را از خود ساختن,L’espressione “Inventare le malattie” è utile in italiano.
Malattia,بیماری,Ho imparato la parola “Malattia”.
Attirare l’attenzione,جلب توجه کردن,L’espressione “Attirare l’attenzione” è utile in italiano.
Rapporto,رابطه / گزارش,Ho imparato la parola “Rapporto”.
Severo,سخت‌گیر / شدید,Ho imparato la parola “Severo”.
Tremendo,نیاز به بررسی,Ho imparato la parola “Tremendo”.
Sfuriata,نیاز به بررسی,Ho imparato la parola “Sfuriata”.
Lite,نیاز به بررسی,Ho imparato la parola “Lite”.
Carattere,نیاز به بررسی,Devo carattere oggi.
Abbastanza,نیاز به بررسی,Ho imparato la parola “Abbastanza”.
Loquace,نیاز به بررسی,Ho imparato la parola “Loquace”.
Ricordi,نیاز به بررسی,Ho imparato la parola “Ricordi”.
Risalire,نیاز به بررسی,Devo risalire oggi.
Malinconia,نیاز به بررسی,Ho imparato la parola “Malinconia”.
Escluso,نیاز به بررسی,Ho imparato la parola “Escluso”.
Aritmetica,نیاز به بررسی,Ho imparato la parola “Aritmetica”.
Accurato,نیاز به بررسی,Ho imparato la parola “Accurato”.
Noia,نیاز به بررسی,Ho imparato la parola “Noia”.
Mortale,نیاز به بررسی,Ho imparato la parola “Mortale”.
Costringere,نیاز به بررسی,Devo costringere oggi.
Fare le scalate,نیاز به بررسی,L’espressione “Fare le scalate” è utile in italiano.
A denti stretti,نیاز به بررسی,L’espressione “A denti stretti” è utile in italiano.
Poesia,نیاز به بررسی,Ho imparato la parola “Poesia”.
Racconto,نیاز به بررسی,Ho imparato la parola “Racconto”.
Festicciola,نیاز به بررسی,Ho imparato la parola “Festicciola”.
In fondo,نیاز به بررسی,L’espressione “In fondo” è utile in italiano.
Romanzo,نیاز به بررسی,Ho imparato la parola “Romanzo”.
Russo,نیاز به بررسی,Ho imparato la parola “Russo”.
Scrittrice,نیاز به بررسی,Ho imparato la parola “Scrittrice”.
Alcuno,نیاز به بررسی,Ho imparato la parola “Alcuno”.
Malato,نیاز به بررسی,Ho imparato la parola “Malato”.
Arrabbiarsi,نیاز به بررسی,Devo arrabbiarsi oggi.
Raramente,نیاز به بررسی,Ho imparato la parola “Raramente”.
Nato,نیاز به بررسی,Ho imparato la parola “Nato”.
Nascere,نیاز به بررسی,Devo nascere oggi.
Lasciare,نیاز به بررسی,Devo lasciare oggi.
Bugia,نیاز به بررسی,Ho imparato la parola “Bugia”.
Inserire,نیاز به بررسی,Devo inserire oggi.
Descrizione,نیاز به بررسی,Ho imparato la parola “Descrizione”.
Tavolino,نیاز به بررسی,Ho imparato la parola “Tavolino”.
Riquadro,نیاز به بررسی,Ho imparato la parola “Riquadro”.
Alterare,نیاز به بررسی,Devo alterare oggi.
Tabella,نیاز به بررسی,Ho imparato la parola “Tabella”.
Tavolone,نیاز به بررسی,Ho imparato la parola “Tavolone”.
Ragazzone,نیاز به بررسی,Ho imparato la parola “Ragazzone”.
Quadernino,نیاز به بررسی,Ho imparato la parola “Quadernino”.
Paesone,نیاز به بررسی,Ho imparato la parola “Paesone”.
Ragazzino,نیاز به بررسی,Ho imparato la parola “Ragazzino”.
Quadernone,نیاز به بررسی,Ho imparato la parola “Quadernone”.
Gattino,نیاز به بررسی,Ho imparato la parola “Gattino”.
Gattone,نیاز به بررسی,Ho imparato la parola “Gattone”.
Montone,نیاز به بررسی,Ho imparato la parola “Montone”.
Monte,نیاز به بررسی,Ho imparato la parola “Monte”.
Torrone,نیاز به بررسی,Ho imparato la parola “Torrone”.
Tacchino,نیاز به بررسی,Ho imparato la parola “Tacchino”.
Burrone,نیاز به بررسی,Ho imparato la parola “Burrone”.
Dolce,نیاز به بررسی,Ho imparato la parola “Dolce”.
Natalizio,نیاز به بررسی,Ho imparato la parola “Natalizio”.
Tacco,نیاز به بررسی,Ho imparato la parola “Tacco”.
Pezzo,نیاز به بررسی,Ho imparato la parola “Pezzo”.
Lento,نیاز به بررسی,Ho imparato la parola “Lento”.
Furbo,نیاز به بررسی,Ho imparato la parola “Furbo”.
Ignorante,نیاز به بررسی,Ho imparato la parola “Ignorante”.
Evitare,نیاز به بررسی,Devo evitare oggi.
Socievole,نیاز به بررسی,Ho imparato la parola “Socievole”.
Orso,نیاز به بررسی,Ho imparato la parola “Orso”.
Volpe,نیاز به بررسی,Ho imparato la parola “Volpe”.
Asino,نیاز به بررسی,Ho imparato la parola “Asino”.
Pappagallo,نیاز به بررسی,Ho imparato la parola “Pappagallo”.
Lumaca,نیاز به بررسی,Ho imparato la parola “Lumaca”.
Struzzo,نیاز به بررسی,Ho imparato la parola “Struzzo”.
Lezione 3,درس 3,Siamo alla Lezione 3.
Tipo,نیاز به بررسی,Ho imparato la parola “Tipo”.
Interessante,نیاز به بررسی,Ho imparato la parola “Interessante”.
Giovane,نیاز به بررسی,Ho imparato la parola “Giovane”.
Vecchio,نیاز به بررسی,Ho imparato la parola “Vecchio”.
Alto,نیاز به بررسی,Ho imparato la parola “Alto”.
Basso,نیاز به بررسی,Ho imparato la parola “Basso”.
i capelli,نیاز به بررسی,L’espressione “i capelli” è utile in italiano.
Lungo,بلند / طولانی,Ho imparato la parola “Lungo”.
Biondo,بور,Ho imparato la parola “Biondo”.
Magro,لاغر,Ho imparato la parola “Magro”.
Grasso,چاق / چربی,Ho imparato la parola “Grasso”.
Liscio,صاف,Ho imparato la parola “Liscio”.
Riccio,فرفری,Ho imparato la parola “Riccio”.
Bianco,سفید,Ho imparato la parola “Bianco”.
Castano,قهوه‌ای / خرمایی,Ho imparato la parola “Castano”.
Barba,ریش,Ho imparato la parola “Barba”.
i baffi,سبیل,L’espressione “i baffi” è utile in italiano.
Porta gli occhiali,عینک می‌زند,L’espressione “Porta gli occhiali” è utile in italiano.
Partecipante,شرکت‌کننده,Ho imparato la parola “Partecipante”.
né...né...,نه...نه...,L’espressione “né...né...” è utile in italiano.
Aspetto,ظاهر / جنبه,Ho imparato la parola “Aspetto”.
Fisico,فیزیکی / بدن,Ho imparato la parola “Fisico”.
Attraverso,از میان / از طریق,Ho imparato la parola “Attraverso”.
Riferirsi a,اشاره کردن به,L’espressione “Riferirsi a” è utile in italiano.
Aperto,نیاز به بررسی,Ho imparato la parola “Aperto”.
Bruttino,نیاز به بررسی,Ho imparato la parola “Bruttino”.
Carino,نیاز به بررسی,Ho imparato la parola “Carino”.
Divertente,نیاز به بررسی,Ho imparato la parola “Divertente”.
Sensibile,نیاز به بررسی,Ho imparato la parola “Sensibile”.
Simpatico,نیاز به بررسی,Ho imparato la parola “Simpatico”.
Timido,نیاز به بررسی,Ho imparato la parola “Timido”.
Vanitoso,نیاز به بررسی,Ho imparato la parola “Vanitoso”.
Concerto,نیاز به بررسی,Ho imparato la parola “Concerto”.
Cominciare,نیاز به بررسی,Devo cominciare oggi.
Tardi,نیاز به بررسی,Ho imparato la parola “Tardi”.
Peccato!,نیاز به بررسی,L’espressione “Peccato!” è utile in italiano.
Pure,همچنین / حتی,Ho imparato la parola “Pure”.
Assomigliare,نیاز به بررسی,Devo assomigliare oggi.
Scuro,نیاز به بررسی,Ho imparato la parola “Scuro”.
Però!,نیاز به بررسی,L’espressione “Però!” è utile in italiano.
Sembrare,نیاز به بررسی,Devo sembrare oggi.
Insomma,نیاز به بررسی,Ho imparato la parola “Insomma”.
Affatto,نیاز به بررسی,Ho imparato la parola “Affatto”.
Penso di no,نیاز به بررسی,L’espressione “Penso di no” è utile in italiano.
Simile,نیاز به بررسی,Ho imparato la parola “Simile”.
Ipotesi,نیاز به بررسی,Ho imparato la parola “Ipotesi”.
Disegnare,نیاز به بررسی,Devo disegnare oggi.
Almeno,نیاز به بررسی,Ho imparato la parola “Almeno”.
Cucire,نیاز به بررسی,Devo cucire oggi.
Conoscenza,نیاز به بررسی,Ho imparato la parola “Conoscenza”.
Il migliore amico,نیاز به بررسی,L’espressione “Il migliore amico” è utile in italiano.
Diverso,نیاز به بررسی,Ho imparato la parola “Diverso”.
Prossimo,نیاز به بررسی,Ho imparato la parola “Prossimo”.
Giornalistico,نیاز به بررسی,Ho imparato la parola “Giornalistico”.
Immaginare,نیاز به بررسی,Devo immaginare oggi.
Contenere,نیاز به بررسی,Devo contenere oggi.
Esaurito,نیاز به بررسی,Ho imparato la parola “Esaurito”.
Fuori,نیاز به بررسی,Ho imparato la parola “Fuori”.
Confine,نیاز به بررسی,Ho imparato la parola “Confine”.
Fine,نیاز به بررسی,Ho imparato la parola “Fine”.
Vicinissimo,نیاز به بررسی,Ho imparato la parola “Vicinissimo”.
Raggiungere,نیاز به بررسی,Devo raggiungere oggi.
Località,نیاز به بررسی,Ho imparato la parola “Località”.
Rispetto a,نیاز به بررسی,L’espressione “Rispetto a” è utile in italiano.
Registrare,نیاز به بررسی,Devo registrare oggi.
In particolar modo,نیاز به بررسی,L’espressione “In particolar modo” è utile in italiano.
Meta,نیاز به بررسی,Ho imparato la parola “Meta”.
Destinazione,نیاز به بررسی,Ho imparato la parola “Destinazione”.
Estivo,تابستانی,Ho imparato la parola “Estivo”.
Novità,نیاز به بررسی,Ho imparato la parola “Novità”.
Regione,نیاز به بررسی,Ho imparato la parola “Regione”.
Costante,نیاز به بررسی,Ho imparato la parola “Costante”.
Crescita,نیاز به بررسی,Ho imparato la parola “Crescita”.
Vacanziere,نیاز به بررسی,Devo vacanziere oggi.
Popolare,نیاز به بررسی,Devo popolare oggi.
Struttura,ساختار / مجموعه,Ho imparato la parola “Struttura”.
Tendenza,نیاز به بررسی,Ho imparato la parola “Tendenza”.
Riguardare,نیاز به بررسی,Devo riguardare oggi.
Programmare,نیاز به بررسی,Devo programmare oggi.
Scontato,نیاز به بررسی,Ho imparato la parola “Scontato”.
Volo,نیاز به بررسی,Ho imparato la parola “Volo”.
Rivolgere a,نیاز به بررسی,L’espressione “Rivolgere a” è utile in italiano.
Metodo,نیاز به بررسی,Ho imparato la parola “Metodo”.
Vantaggio,نیاز به بررسی,Ho imparato la parola “Vantaggio”.
Confermare,نیاز به بررسی,Devo confermare oggi.
Precedente,نیاز به بررسی,Ho imparato la parola “Precedente”.
In fondo a,نیاز به بررسی,L’espressione “In fondo a” è utile in italiano.
Rovesciare,نیاز به بررسی,Devo rovesciare oggi.
Andarsene,نیاز به بررسی,Ho imparato la parola “Andarsene”.
Scambiare,عوض کردن / تبادل کردن,Devo scambiare oggi.
Essenziale,ضروری,Ho imparato la parola “Essenziale”.
Pianificare,نیاز به بررسی,Devo pianificare oggi.
Sperimentare,نیاز به بررسی,Devo sperimentare oggi.
Locale,نیاز به بررسی,Ho imparato la parola “Locale”.
Opera,نیاز به بررسی,Ho imparato la parola “Opera”.
Preferibilmente,نیاز به بررسی,Ho imparato la parola “Preferibilmente”.
Qualcuno,نیاز به بررسی,Ho imparato la parola “Qualcuno”.
Souvenir,سوغاتی,Ho imparato la parola “Souvenir”.
Parenti,خویشاوندان,Ho imparato la parola “Parenti”.
Ricerca,پژوهش / جستجو,Ho imparato la parola “Ricerca”.
Nominato,نامزدشده / منصوب‌شده,Ho imparato la parola “Nominato”.
Flessibile,منعطف,Ho imparato la parola “Flessibile”.
Sopportare,تحمل کردن,Devo sopportare oggi.
Scorpione,عقرب,Ho imparato la parola “Scorpione”.
Fidanzato,نامزد / دوست‌پسر,Ho imparato la parola “Fidanzato”.
Tenda,چادر / پرده,Ho imparato la parola “Tenda”.
Stesso,همان / خودِ,Ho imparato la parola “Stesso”.
Sicuro,مطمئن / امن,Ho imparato la parola “Sicuro”.
Accidenti!,وای! / لعنتی!,L’espressione “Accidenti!” è utile in italiano.
Deserto,بیابان,Ho imparato la parola “Deserto”.
Sacco a pelo,کیسه خواب,L’espressione “Sacco a pelo” è utile in italiano.
Su due piedi,بدون فکر قبلی / فوری,L’espressione “Su due piedi” è utile in italiano.
Mente,ذهن,Ho imparato la parola “Mente”.
Nessuno,هیچ‌کس,Ho imparato la parola “Nessuno”.
Figurati!,خواهش می‌کنم! / اصلاً!,L’espressione “Figurati!” è utile in italiano.
Scherzare,شوخی کردن,Devo scherzare oggi.
Dappertutto,نیاز به بررسی,Ho imparato la parola “Dappertutto”.
Cattivo,نیاز به بررسی,Ho imparato la parola “Cattivo”.
Il condizionale,نیاز به بررسی,L’espressione “Il condizionale” è utile in italiano.
In plenum,نیاز به بررسی,L’espressione “In plenum” è utile in italiano.
Compagno di viaggio,نیاز به بررسی,L’espressione “Compagno di viaggio” è utile in italiano.
Organizzare,نیاز به بررسی,Devo organizzare oggi.
Riferire,نیاز به بررسی,Devo riferire oggi.
Preferenza,نیاز به بررسی,Ho imparato la parola “Preferenza”.
Proposta,نیاز به بررسی,Ho imparato la parola “Proposta”.
Desiderio,نیاز به بررسی,Ho imparato la parola “Desiderio”.
Consiglio,نیاز به بررسی,Ho imparato la parola “Consiglio”.
Cortesemente,نیاز به بررسی,Ho imparato la parola “Cortesemente”.
Reagire,نیاز به بررسی,Devo reagire oggi.
Campeggio,نیاز به بررسی,Ho imparato la parola “Campeggio”.
Vuoto,نیاز به بررسی,Ho imparato la parola “Vuoto”.
Accorgersi di,نیاز به بررسی,L’espressione “Accorgersi di” è utile in italiano.
Anziano,نیاز به بررسی,Ho imparato la parola “Anziano”.
Affettuoso,نیاز به بررسی,Ho imparato la parola “Affettuoso”.
Generoso,نیاز به بررسی,Ho imparato la parola “Generoso”.
Possessivo,نیاز به بررسی,Ho imparato la parola “Possessivo”.
Gentile,مهربان / محترم,Ho imparato la parola “Gentile”.
Parsimonioso,نیاز به بررسی,Ho imparato la parola “Parsimonioso”.
Ambizioso,نیاز به بررسی,Ho imparato la parola “Ambizioso”.
Indipendente,نیاز به بررسی,Ho imparato la parola “Indipendente”.
Passionale,نیاز به بررسی,Ho imparato la parola “Passionale”.
Superstizioso,نیاز به بررسی,Ho imparato la parola “Superstizioso”.
Perfezionista,نیاز به بررسی,Ho imparato la parola “Perfezionista”.
Testardo,نیاز به بررسی,Ho imparato la parola “Testardo”.
Geloso,نیاز به بررسی,Ho imparato la parola “Geloso”.
Irritabile,نیاز به بررسی,Ho imparato la parola “Irritabile”.
Pessimista,بدبین,Ho imparato la parola “Pessimista”.
Brano,نیاز به بررسی,Ho imparato la parola “Brano”.
Improvvisare,نیاز به بررسی,Devo improvvisare oggi.
Diventare,نیاز به بررسی,Devo diventare oggi.
I segni zodiacali,نیاز به بررسی,L’espressione “I segni zodiacali” è utile in italiano.
Interessare,نیاز به بررسی,Devo interessare oggi.
Fidanzata,نیاز به بررسی,Ho imparato la parola “Fidanzata”.
Tornarsi insieme,نیاز به بررسی,L’espressione “Tornarsi insieme” è utile in italiano.
Sottolineare,نیاز به بررسی,Devo sottolineare oggi.
Ideale,نیاز به بررسی,Ho imparato la parola “Ideale”.
Interno,نیاز به بررسی,Ho imparato la parola “Interno”.
Portavoce,نیاز به بررسی,Ho imparato la parola “Portavoce”.
Oroscopo,نیاز به بررسی,Ho imparato la parola “Oroscopo”.
Ariete,نیاز به بررسی,Ho imparato la parola “Ariete”.
Avere bisogno di,نیاز به بررسی,L’espressione “Avere bisogno di” è utile in italiano.
Affetto,نیاز به بررسی,Ho imparato la parola “Affetto”.
Innamorarsi,نیاز به بررسی,Devo innamorarsi oggi.
Facilmente,نیاز به بررسی,Ho imparato la parola “Facilmente”.
Adorare,نیاز به بررسی,Devo adorare oggi.
Cambiamento,نیاز به بررسی,Ho imparato la parola “Cambiamento”.
Toro,نیاز به بررسی,Ho imparato la parola “Toro”.
Attento,نیاز به بررسی,Ho imparato la parola “Attento”.
Gemelli,نیاز به بررسی,Ho imparato la parola “Gemelli”.
Nervoso,نیاز به بررسی,Ho imparato la parola “Nervoso”.
Interessi,نیاز به بررسی,Ho imparato la parola “Interessi”.
Intellettuale,نیاز به بررسی,Ho imparato la parola “Intellettuale”.
Cancro,نیاز به بررسی,Ho imparato la parola “Cancro”.
Mondo,نیاز به بررسی,Ho imparato la parola “Mondo”.
Fidarsi di,نیاز به بررسی,L’espressione “Fidarsi di” è utile in italiano.
Bilancia,نیاز به بررسی,Ho imparato la parola “Bilancia”.
Vergine,نیاز به بررسی,Ho imparato la parola “Vergine”.
decisione,نیاز به بررسی,Ho imparato la parola “decisione”.
Amante,نیاز به بررسی,Ho imparato la parola “Amante”.
Sicuro di sé,بااعتمادبه‌نفس,L’espressione “Sicuro di sé” è utile in italiano.
Nonostante,با وجودِ,Ho imparato la parola “Nonostante”.
Grazie a,به لطفِ,L’espressione “Grazie a” è utile in italiano.
Simpatia,همدلی / خوش‌مشربی,Ho imparato la parola “Simpatia”.
Sagittario,قوس / کماندار,Ho imparato la parola “Sagittario”.
Legato a,مرتبط با,L’espressione “Legato a” è utile in italiano.
Tradizione,سنت,Ho imparato la parola “Tradizione”.
Regolare,منظم / تنظیم کردن,Devo regolare oggi.
Capricorno,جدی,Ho imparato la parola “Capricorno”.
Acquario,دلو / آکواریوم,Ho imparato la parola “Acquario”.
D’accordo,موافق,L’espressione “D’accordo” è utile in italiano.
Realizzare,درک کردن / تحقق بخشیدن,Devo realizzare oggi.
Pesci,ماهی‌ها / برج حوت,Ho imparato la parola “Pesci”.
Divertimento,تفریح,Ho imparato la parola “Divertimento”.
Marrone,قهوه‌ای,Ho imparato la parola “Marrone”.
Bretelle,ساس‌بند,Ho imparato la parola “Bretelle”.
Moro,سبزه / مومشکی,Ho imparato la parola “Moro”.
Regista,کارگردان,Ho imparato la parola “Regista”.
Bellezza,نیاز به بررسی,Ho imparato la parola “Bellezza”.
Premio,نیاز به بررسی,Ho imparato la parola “Premio”.
Protagonista,نیاز به بررسی,Ho imparato la parola “Protagonista”.
Commissario,نیاز به بررسی,Ho imparato la parola “Commissario”.
Decine,نیاز به بررسی,Ho imparato la parola “Decine”.
Contemporaneo,نیاز به بررسی,Ho imparato la parola “Contemporaneo”.
Lezione 4,درس 4,Siamo alla Lezione 4.
Evento,نیاز به بررسی,Ho imparato la parola “Evento”.
Autore,نیاز به بررسی,Ho imparato la parola “Autore”.
Regia,نیاز به بررسی,Ho imparato la parola “Regia”.
Spettacolo,نیاز به بررسی,Ho imparato la parola “Spettacolo”.
Vicenda,نیاز به بررسی,Ho imparato la parola “Vicenda”.
Riassunto,نیاز به بررسی,Ho imparato la parola “Riassunto”.
Esporre,نیاز به بررسی,Ho imparato la parola “Esporre”.
Selezione,نیاز به بررسی,Ho imparato la parola “Selezione”.
Adattamento,نیاز به بررسی,Ho imparato la parola “Adattamento”.
Dirigere,نیاز به بررسی,Devo dirigere oggi.
Stella,نیاز به بررسی,Ho imparato la parola “Stella”.
Pellicola,نیاز به بررسی,Ho imparato la parola “Pellicola”.
Biglietto intero,نیاز به بررسی,L’espressione “Biglietto intero” è utile in italiano.
Ridotto,نیاز به بررسی,Ho imparato la parola “Ridotto”.
Tessera,نیاز به بررسی,Ho imparato la parola “Tessera”.
Ingresso,نیاز به بررسی,Ho imparato la parola “Ingresso”.
In omaggio,نیاز به بررسی,L’espressione “In omaggio” è utile in italiano.
Latinoamericano,نیاز به بررسی,Ho imparato la parola “Latinoamericano”.
Ti va di venire?,نیاز به بررسی,L’espressione “Ti va di venire?” è utile in italiano.
Discutere,نیاز به بررسی,Devo discutere oggi.
Impegno,نیاز به بررسی,Ho imparato la parola “Impegno”.
Facoltà,نیاز به بررسی,Ho imparato la parola “Facoltà”.
Ricordarsi,نیاز به بررسی,Devo ricordarsi oggi.
Matto,نیاز به بررسی,Ho imparato la parola “Matto”.
Ne vale la pena,نیاز به بررسی,L’espressione “Ne vale la pena” è utile in italiano.
Essere al verde,نیاز به بررسی,L’espressione “Essere al verde” è utile in italiano.
Gratis,نیاز به بررسی,Ho imparato la parola “Gratis”.
Controproposta,نیاز به بررسی,Ho imparato la parola “Controproposta”.
Funzione,نیاز به بررسی,Ho imparato la parola “Funzione”.
Punto,نیاز به بررسی,Ho imparato la parola “Punto”.
Appuntamento,نیاز به بررسی,Ho imparato la parola “Appuntamento”.
Rifiutare,نیاز به بررسی,Devo rifiutare oggi.
Essere a dieta,نیاز به بررسی,L’espressione “Essere a dieta” è utile in italiano.
Dieta,نیاز به بررسی,Ho imparato la parola “Dieta”.
Fila,نیاز به بررسی,Ho imparato la parola “Fila”.
Disegno,نیاز به بررسی,Ho imparato la parola “Disegno”.
Differenza,نیاز به بررسی,Ho imparato la parola “Differenza”.
Preoccuparsi,نیاز به بررسی,Devo preoccuparsi oggi.
Magari,نیاز به بررسی,Ho imparato la parola “Magari”.
Riaccompagnare,نیاز به بررسی,Devo riaccompagnare oggi.
Copiare,نیاز به بررسی,Devo copiare oggi.
Regola,نیاز به بررسی,Ho imparato la parola “Regola”.
Concordare,نیاز به بررسی,Devo concordare oggi.
Vetro,نیاز به بررسی,Ho imparato la parola “Vetro”.
Fissare,نیاز به بررسی,Devo fissare oggi.
Torta,نیاز به بررسی,Ho imparato la parola “Torta”.
Mettersi d’accordo,نیاز به بررسی,L’espressione “Mettersi d’accordo” è utile in italiano.
Luogo pubblico,نیاز به بررسی,L’espressione “Luogo pubblico” è utile in italiano.
Maniera,نیاز به بررسی,Ho imparato la parola “Maniera”.
Comportamento,نیاز به بررسی,Ho imparato la parola “Comportamento”.
Corretto,نیاز به بررسی,Ho imparato la parola “Corretto”.
Notare,نیاز به بررسی,Devo notare oggi.
Presenza,نیاز به بررسی,Ho imparato la parola “Presenza”.
Commento,نیاز به بررسی,Ho imparato la parola “Commento”.
Proprio,نیاز به بررسی,Ho imparato la parola “Proprio”.
Carta,نیاز به بررسی,Ho imparato la parola “Carta”.
Fastidioso,نیاز به بررسی,Ho imparato la parola “Fastidioso”.
Una volta,نیاز به بررسی,L’espressione “Una volta” è utile in italiano.
Posizione,موقعیت,Ho imparato la parola “Posizione”.
Mantenere,حفظ کردن,Devo mantenere oggi.
Muovere,حرکت دادن,Devo muovere oggi.
Continuamente,پیوسته,Ho imparato la parola “Continuamente”.
Tossire,سرفه کردن,Devo tossire oggi.
Starnutire,عطسه کردن,Devo starnutire oggi.
Schermo,صفحه‌نمایش,Ho imparato la parola “Schermo”.
Monumento,بنای یادبود,Ho imparato la parola “Monumento”.
Ad alta voce,با صدای بلند,L’espressione “Ad alta voce” è utile in italiano.
Obbligo,اجبار / وظیفه,Ho imparato la parola “Obbligo”.
Puntuale,وقت‌شناس / دقیق,Ho imparato la parola “Puntuale”.
Rispetto,احترام,Ho imparato la parola “Rispetto”.
Verso,به سوی / بیت شعر,Ho imparato la parola “Verso”.
Poltrona,مبل راحتی,Ho imparato la parola “Poltrona”.
Occupato,مشغول / اشغال‌شده,Ho imparato la parola “Occupato”.
Inoltre,علاوه بر این,Ho imparato la parola “Inoltre”.
Sicuramente,حتماً / قطعاً,Ho imparato la parola “Sicuramente”.
Utile,مفید,Ho imparato la parola “Utile”.
Spegnere,خاموش کردن,Devo spegnere oggi.
Per un paio d’ore,نیاز به بررسی,L’espressione “Per un paio d’ore” è utile in italiano.
Dare fastidio,نیاز به بررسی,L’espressione “Dare fastidio” è utile in italiano.
Che serata!,نیاز به بررسی,L’espressione “Che serata!” è utile in italiano.
Capitare,نیاز به بررسی,Devo capitare oggi.
Assistere,نیاز به بررسی,Devo assistere oggi.
Episodio,نیاز به بررسی,Ho imparato la parola “Episodio”.
Maleducazione,نیاز به بررسی,Ho imparato la parola “Maleducazione”.
Botteghino,نیاز به بررسی,Ho imparato la parola “Botteghino”.
Disponibile,نیاز به بررسی,Ho imparato la parola “Disponibile”.
Data,نیاز به بررسی,Ho imparato la parola “Data”.
Rappresentazione,نیاز به بررسی,Ho imparato la parola “Rappresentazione”.
Settore,نیاز به بررسی,Ho imparato la parola “Settore”.
Interessato,نیاز به بررسی,Ho imparato la parola “Interessato”.
Dipendere da,نیاز به بررسی,L’espressione “Dipendere da” è utile in italiano.
Poltronissima,نیاز به بررسی,Ho imparato la parola “Poltronissima”.
Laterale,نیاز به بررسی,Ho imparato la parola “Laterale”.
Telefonicamente,نیاز به بررسی,Ho imparato la parola “Telefonicamente”.
Convenire,نیاز به بررسی,Devo convenire oggi.
Simulare,نیاز به بررسی,Devo simulare oggi.
Manifestazione,نیاز به بررسی,Ho imparato la parola “Manifestazione”.
Produzione,نیاز به بررسی,Ho imparato la parola “Produzione”.
Coproduzione,نیاز به بررسی,Ho imparato la parola “Coproduzione”.
Ospitare,نیاز به بررسی,Devo ospitare oggi.
Compositore,نیاز به بررسی,Ho imparato la parola “Compositore”.
Toscano,نیاز به بررسی,Ho imparato la parola “Toscano”.
Rappresentato,نیاز به بررسی,Ho imparato la parola “Rappresentato”.
Internazionale,نیاز به بررسی,Ho imparato la parola “Internazionale”.
Curiosità,نیاز به بررسی,Ho imparato la parola “Curiosità”.
Letteratura,نیاز به بررسی,Ho imparato la parola “Letteratura”.
Cinematografica,نیاز به بررسی,Ho imparato la parola “Cinematografica”.
Ricevere,نیاز به بررسی,Devo ricevere oggi.
Riconoscimento,تشخیص / تقدیر,Ho imparato la parola “Riconoscimento”.
Vincitore,نیاز به بررسی,Ho imparato la parola “Vincitore”.
Dedicato,نیاز به بررسی,Ho imparato la parola “Dedicato”.
Didattico,نیاز به بررسی,Ho imparato la parola “Didattico”.
Esercitare,نیاز به بررسی,Devo esercitare oggi.
Dedicato a,نیاز به بررسی,L’espressione “Dedicato a” è utile in italiano.
Degustazione,نیاز به بررسی,Ho imparato la parola “Degustazione”.
Rete,نیاز به بررسی,Ho imparato la parola “Rete”.
Assaggiare,نیاز به بررسی,Devo assaggiare oggi.
Gastronomico,نیاز به بررسی,Ho imparato la parola “Gastronomico”.
Lezione 5,درس 5,Siamo alla Lezione 5.
Buon viaggio!,نیاز به بررسی,L’espressione “Buon viaggio!” è utile in italiano.
Questionario,نیاز به بررسی,Ho imparato la parola “Questionario”.
Durare,نیاز به بررسی,Devo durare oggi.
Generalmente,نیاز به بررسی,Ho imparato la parola “Generalmente”.
Individuale,نیاز به بررسی,Ho imparato la parola “Individuale”.
Auto,نیاز به بررسی,Ho imparato la parola “Auto”.
Privato,نیاز به بررسی,Ho imparato la parola “Privato”.
Nave,نیاز به بررسی,Ho imparato la parola “Nave”.
Aereo,نیاز به بررسی,Ho imparato la parola “Aereo”.
A noleggio,نیاز به بررسی,L’espressione “A noleggio” è utile in italiano.
Camper,نیاز به بررسی,Ho imparato la parola “Camper”.
Sistemazione,نیاز به بررسی,Ho imparato la parola “Sistemazione”.
Agriturismo,نیاز به بررسی,Ho imparato la parola “Agriturismo”.
Informarsi,نیاز به بررسی,Devo informarsi oggi.
Esattamente,نیاز به بررسی,Ho imparato la parola “Esattamente”.
Nulla,نیاز به بررسی,Ho imparato la parola “Nulla”.
Affidarsi,نیاز به بررسی,Devo affidarsi oggi.
Istinto,نیاز به بررسی,Ho imparato la parola “Istinto”.
Bagaglio,نیاز به بررسی,Ho imparato la parola “Bagaglio”.
Zaino,نیاز به بررسی,Ho imparato la parola “Zaino”.
Ombrello,نیاز به بررسی,Ho imparato la parola “Ombrello”.
Diario,نیاز به بررسی,Ho imparato la parola “Diario”.
Macchina fotografica,نیاز به بررسی,L’espressione “Macchina fotografica” è utile in italiano.
Videocamera,نیاز به بررسی,Ho imparato la parola “Videocamera”.
Tranquillità,نیاز به بررسی,Ho imparato la parola “Tranquillità”.
Cultura,نیاز به بررسی,Ho imparato la parola “Cultura”.
Interesse,نیاز به بررسی,Ho imparato la parola “Interesse”.
Artistico,نیاز به بررسی,Ho imparato la parola “Artistico”.
Avventura,نیاز به بررسی,Ho imparato la parola “Avventura”.
Esotico,عجیب / خارجی,Ho imparato la parola “Esotico”.
Motivare,انگیزه دادن / توجیه کردن,Devo motivare oggi.
Discussione,بحث,Ho imparato la parola “Discussione”.
Villaggio,روستا,Ho imparato la parola “Villaggio”.
Sinceramente,صادقانه,Ho imparato la parola “Sinceramente”.
Animatore,مجری / سرگرم‌کننده,Ho imparato la parola “Animatore”.
Tra l’altro,نیاز به بررسی,L’espressione “Tra l’altro” è utile in italiano.
Espressione,عبارت / بیان,Ho imparato la parola “Espressione”.
Disposto,مایل / آماده,Ho imparato la parola “Disposto”.
Sorpresa,غافلگیری,Ho imparato la parola “Sorpresa”.
Strada,خیابان / راه,Ho imparato la parola “Strada”.
Collega,همکار,Ho imparato la parola “Collega”.
Favore,لطف,Ho imparato la parola “Favore”.
Coprire,پوشاندن,Devo coprire oggi.
Foglio,برگه,Ho imparato la parola “Foglio”.
Alloggio,اقامتگاه,Ho imparato la parola “Alloggio”.
Splendido,نیاز به بررسی,Ho imparato la parola “Splendido”.
Meraviglioso,نیاز به بررسی,Ho imparato la parola “Meraviglioso”.
Paesaggio,نیاز به بررسی,Ho imparato la parola “Paesaggio”.
Percorso,نیاز به بررسی,Ho imparato la parola “Percorso”.
Vendita,نیاز به بررسی,Ho imparato la parola “Vendita”.
Spazio giochi bambini,نیاز به بررسی,L’espressione “Spazio giochi bambini” è utile in italiano.
Richiesta,درخواست,Ho imparato la parola “Richiesta”.
Assaporare,نیاز به بررسی,Devo assaporare oggi.
Si trova,نیاز به بررسی,L’espressione “Si trova” è utile in italiano.
Provincia,نیاز به بررسی,Ho imparato la parola “Provincia”.
Panoramico,نیاز به بررسی,Ho imparato la parola “Panoramico”.
Immerso,نیاز به بررسی,Ho imparato la parola “Immerso”.
Verde,نیاز به بررسی,Ho imparato la parola “Verde”.
Collina,نیاز به بررسی,Ho imparato la parola “Collina”.
Borgo,نیاز به بررسی,Ho imparato la parola “Borgo”.
Medioevale,نیاز به بررسی,Ho imparato la parola “Medioevale”.
Appunto,نیاز به بررسی,Ho imparato la parola “Appunto”.
Cronaca,نیاز به بررسی,Ho imparato la parola “Cronaca”.
Odore,نیاز به بررسی,Ho imparato la parola “Odore”.
Pieno di,نیاز به بررسی,L’espressione “Pieno di” è utile in italiano.
Fermarsi,نیاز به بررسی,Devo fermarsi oggi.
Vetrina,نیاز به بررسی,Ho imparato la parola “Vetrina”.
Fortunatamente,نیاز به بررسی,Ho imparato la parola “Fortunatamente”.
Fantastico,نیاز به بررسی,Ho imparato la parola “Fantastico”.
Piscina,نیاز به بررسی,Ho imparato la parola “Piscina”.
Stupendo,نیاز به بررسی,Ho imparato la parola “Stupendo”.
Notturno,نیاز به بررسی,Ho imparato la parola “Notturno”.
Tramonto,نیاز به بررسی,Ho imparato la parola “Tramonto”.
Fino a,نیاز به بررسی,L’espressione “Fino a” è utile in italiano.
Sulla spiaggia,نیاز به بررسی,L’espressione “Sulla spiaggia” è utile in italiano.
Riflettere,نیاز به بررسی,Devo riflettere oggi.
Concluso,نیاز به بررسی,Ho imparato la parola “Concluso”.
Sentimento,نیاز به بررسی,Ho imparato la parola “Sentimento”.
Intenzione,نیاز به بررسی,Ho imparato la parola “Intenzione”.
Brutto,نیاز به بررسی,Ho imparato la parola “Brutto”.
Terribile,نیاز به بررسی,Ho imparato la parola “Terribile”.
Indeciso,نیاز به بررسی,Ho imparato la parola “Indeciso”.
Noleggiare,نیاز به بررسی,Devo noleggiare oggi.
Proseguire,نیاز به بررسی,Devo proseguire oggi.
Guidare,نیاز به بررسی,Devo guidare oggi.
Negozietto,نیاز به بررسی,Ho imparato la parola “Negozietto”.
Spezie,نیاز به بررسی,Ho imparato la parola “Spezie”.
Pulito,نیاز به بررسی,Ho imparato la parola “Pulito”.
Disavventura,نیاز به بررسی,Ho imparato la parola “Disavventura”.
Rotto,نیاز به بررسی,Ho imparato la parola “Rotto”.
Dispiacere,نیاز به بررسی,Devo dispiacere oggi.
Ma non mi dire!,نیاز به بررسی,L’espressione “Ma non mi dire!” è utile in italiano.
Roba da matti!,نیاز به بررسی,L’espressione “Roba da matti!” è utile in italiano.
Dici sul serio?,نیاز به بررسی,L’espressione “Dici sul serio?” è utile in italiano.
Che disastro!,نیاز به بررسی,L’espressione “Che disastro!” è utile in italiano.
Che guaio!,نیاز به بررسی,L’espressione “Che guaio!” è utile in italiano.
Che sfortuna!,نیاز به بررسی,L’espressione “Che sfortuna!” è utile in italiano.
Punto d’imbarco,نیاز به بررسی,L’espressione “Punto d’imbarco” è utile in italiano.
Particolare,نیاز به بررسی,Devo particolare oggi.
Anniversario,نیاز به بررسی,Ho imparato la parola “Anniversario”.
Imbarcarsi,نیاز به بررسی,Devo imbarcarsi oggi.
Volerci,نیاز به بررسی,Ho imparato la parola “Volerci”.
Caso,نیاز به بررسی,Ho imparato la parola “Caso”.
Considerare,نیاز به بررسی,Devo considerare oggi.
Più o meno,نیاز به بررسی,L’espressione “Più o meno” è utile in italiano.
Intorno a,نیاز به بررسی,L’espressione “Intorno a” è utile in italiano.
Traghetto,نیاز به بررسی,Ho imparato la parola “Traghetto”.
Partenza,نیاز به بررسی,Ho imparato la parola “Partenza”.
Durata,نیاز به بررسی,Ho imparato la parola “Durata”.
Arrivo,نیاز به بررسی,Ho imparato la parola “Arrivo”.
Intero,کامل,Ho imparato la parola “Intero”.
Cartello,تابلو,Ho imparato la parola “Cartello”.
Metà,نیمه,Ho imparato la parola “Metà”.
Giorno festivo,روز تعطیل,L’espressione “Giorno festivo” è utile in italiano.
Ferie,مرخصی / تعطیلات,Ho imparato la parola “Ferie”.
Addirittura,حتی / تا حدی که,Ho imparato la parola “Addirittura”.
Indicazione,راهنمایی / نشانه,Ho imparato la parola “Indicazione”.
Villeggiatura,تعطیلات در ییلاق/ساحل,Ho imparato la parola “Villeggiatura”.
Prevedere,پیش‌بینی کردن,Devo prevedere oggi.
Danza,رقص,Ho imparato la parola “Danza”.
Lezione 6,درس 6,Siamo alla Lezione 6.
Tavola,میز / تخته,Ho imparato la parola “Tavola”.
Ricetta,دستور غذا / نسخه,Ho imparato la parola “Ricetta”.
Ispirarsi,الهام گرفتن,Devo ispirarsi oggi.
Vegetariano,گیاه‌خوار,Ho imparato la parola “Vegetariano”.
Goloso,شکمو / شیرینی‌دوست,Ho imparato la parola “Goloso”.
Convincere,نیاز به بررسی,Devo convincere oggi.
Verdure,نیاز به بررسی,Ho imparato la parola “Verdure”.
Semplice,نیاز به بررسی,Ho imparato la parola “Semplice”.
Facile,نیاز به بررسی,Ho imparato la parola “Facile”.
Esperienza,تجربه,Ho imparato la parola “Esperienza”.
Necessariamente,نیاز به بررسی,Ho imparato la parola “Necessariamente”.
Crudismo,نیاز به بررسی,Ho imparato la parola “Crudismo”.
Crudo,نیاز به بررسی,Ho imparato la parola “Crudo”.
Foglia,نیاز به بررسی,Ho imparato la parola “Foglia”.
Insalata,نیاز به بررسی,Ho imparato la parola “Insalata”.
Sbagliarsi,نیاز به بررسی,Devo sbagliarsi oggi.
Di grosso,نیاز به بررسی,L’espressione “Di grosso” è utile in italiano.
Mediterraneo,نیاز به بررسی,Ho imparato la parola “Mediterraneo”.
Riscoperta,نیاز به بررسی,Ho imparato la parola “Riscoperta”.
Stile,نیاز به بررسی,Ho imparato la parola “Stile”.
Sano,نیاز به بررسی,Ho imparato la parola “Sano”.
Rotta,نیاز به بررسی,Ho imparato la parola “Rotta”.
Abitudine,نیاز به بررسی,Ho imparato la parola “Abitudine”.
Sentire,نیاز به بررسی,Devo sentire oggi.
Abitante,نیاز به بررسی,Ho imparato la parola “Abitante”.
Riguardo a,نیاز به بررسی,L’espressione “Riguardo a” è utile in italiano.
Alimentazione,نیاز به بررسی,Ho imparato la parola “Alimentazione”.
Intanto,نیاز به بررسی,Ho imparato la parola “Intanto”.
In genere,نیاز به بررسی,Devo in genere oggi.
Stare in forma,نیاز به بررسی,L’espressione “Stare in forma” è utile in italiano.
Legumi,نیاز به بررسی,Ho imparato la parola “Legumi”.
Ceci,نیاز به بررسی,Ho imparato la parola “Ceci”.
Fagioli,نیاز به بررسی,Ho imparato la parola “Fagioli”.
Eccetera,نیاز به بررسی,Ho imparato la parola “Eccetera”.
Smettere di,نیاز به بررسی,L’espressione “Smettere di” è utile in italiano.
Fumare,نیاز به بررسی,Devo fumare oggi.
Allora,نیاز به بررسی,Ho imparato la parola “Allora”.
Servire,لازم بودن / خدمت کردن,Devo servire oggi.
Arrosto,نیاز به بررسی,Ho imparato la parola “Arrosto”.
Sia...che...,نیاز به بررسی,L’espressione “Sia...che...” è utile in italiano.
Specialità,نیاز به بررسی,Ho imparato la parola “Specialità”.
Si figuri!,نیاز به بررسی,L’espressione “Si figuri!” è utile in italiano.
Saltare,نیاز به بررسی,Devo saltare oggi.
Saltare i pasti,نیاز به بررسی,L’espressione “Saltare i pasti” è utile in italiano.
Regolarmente,نیاز به بررسی,Ho imparato la parola “Regolarmente”.
Biologico,نیاز به بررسی,Ho imparato la parola “Biologico”.
Carota,نیاز به بررسی,Ho imparato la parola “Carota”.
Variare,نیاز به بررسی,Devo variare oggi.
Sedentario,نیاز به بررسی,Ho imparato la parola “Sedentario”.
Forza,نیاز به بررسی,Ho imparato la parola “Forza”.
Seduto,نیاز به بررسی,Ho imparato la parola “Seduto”.
Ginnastica,نیاز به بررسی,Ho imparato la parola “Ginnastica”.
Approfittare,نیاز به بررسی,Devo approfittare oggi.
Lavorativo,نیاز به بررسی,Ho imparato la parola “Lavorativo”.
Moto,نیاز به بررسی,Ho imparato la parola “Moto”.
Assumere,نیاز به بررسی,Devo assumere oggi.
Pericoloso,نیاز به بررسی,Ho imparato la parola “Pericoloso”.
Schiena,نیاز به بررسی,Ho imparato la parola “Schiena”.
Collo,نیاز به بررسی,Ho imparato la parola “Collo”.
Grattacielo,نیاز به بررسی,Ho imparato la parola “Grattacielo”.
Le scale,نیاز به بررسی,L’espressione “Le scale” è utile in italiano.
Invece di,نیاز به بررسی,L’espressione “Invece di” è utile in italiano.
Alimentare,نیاز به بررسی,Devo alimentare oggi.
Frequenza,نیاز به بررسی,Ho imparato la parola “Frequenza”.
Tazza,نیاز به بررسی,Ho imparato la parola “Tazza”.
Alcolici,نیاز به بررسی,Ho imparato la parola “Alcolici”.
Massaggio,نیاز به بررسی,Ho imparato la parola “Massaggio”.
Pazienza,نیاز به بررسی,Ho imparato la parola “Pazienza”.
Pesarsi,نیاز به بررسی,Devo pesarsi oggi.
Riscoprire,نیاز به بررسی,Devo riscoprire oggi.
Occasione,نیاز به بررسی,Ho imparato la parola “Occasione”.
Salvare,نجات دادن / ذخیره کردن,Devo salvare oggi.
Trattarsi,نیاز به بررسی,Devo trattarsi oggi.
Digerire,نیاز به بررسی,Devo digerire oggi.
Carrello,چرخ خرید,Ho imparato la parola “Carrello”.
Etichetta,برچسب / آداب,Ho imparato la parola “Etichetta”.
Culinario,آشپزی,Ho imparato la parola “Culinario”.
Rischiare,ریسک کردن,Devo rischiare oggi.
Scomparire,ناپدید شدن,Devo scomparire oggi.
Sostenere,حمایت کردن / ادعا کردن,Devo sostenere oggi.
Fresco,تازه / خنک,Ho imparato la parola “Fresco”.
Brunch,برانچ,Ho imparato la parola “Brunch”.
Lamentarsi,شکایت کردن,Devo lamentarsi oggi.
Già pronto,از قبل آماده,L’espressione “Già pronto” è utile in italiano.
Criticare,انتقاد کردن,Devo criticare oggi.
Cuscus,کوسکوس,Ho imparato la parola “Cuscus”.
Apprezzare,قدردانی کردن / پسندیدن,Devo apprezzare oggi.
Tradizionalista,سنت‌گرا,Ho imparato la parola “Tradizionalista”.
Squisito,خوشمزه / عالی,Ho imparato la parola “Squisito”.
Insipido,بی‌مزه,Ho imparato la parola “Insipido”.
Salato,نیاز به بررسی,Ho imparato la parola “Salato”.
Bruciato,نیاز به بررسی,Ho imparato la parola “Bruciato”.
Piccante,نیاز به بررسی,Ho imparato la parola “Piccante”.
Esclamazione,نیاز به بررسی,Ho imparato la parola “Esclamazione”.
Minestra,نیاز به بررسی,Ho imparato la parola “Minestra”.
Peperoncino,نیاز به بررسی,Ho imparato la parola “Peperoncino”.
Sugo,نیاز به بررسی,Ho imparato la parola “Sugo”.
Forno,نیاز به بررسی,Ho imparato la parola “Forno”.
In comune,مشترک,L’espressione “In comune” è utile in italiano.
Sapore,نیاز به بررسی,Ho imparato la parola “Sapore”.
Qualità,نیاز به بررسی,Ho imparato la parola “Qualità”.
Agro,نیاز به بررسی,Ho imparato la parola “Agro”.
Partita,نیاز به بررسی,Ho imparato la parola “Partita”.
Scacchi,نیاز به بررسی,Ho imparato la parola “Scacchi”.
Vivente,نیاز به بررسی,Ho imparato la parola “Vivente”.
Costume,نیاز به بررسی,Ho imparato la parola “Costume”.
Epoca,نیاز به بررسی,Ho imparato la parola “Epoca”.
Leggenda,نیاز به بررسی,Ho imparato la parola “Leggenda”.
Nobile,نیاز به بررسی,Ho imparato la parola “Nobile”.
Sfidarsi,نیاز به بررسی,Devo sfidarsi oggi.
Maschera,نیاز به بررسی,Ho imparato la parola “Maschera”.
Rendere,نیاز به بررسی,Devo rendere oggi.
Curioso,نیاز به بررسی,Ho imparato la parola “Curioso”.
Contrada,نیاز به بررسی,Ho imparato la parola “Contrada”.
Gara,نیاز به بررسی,Ho imparato la parola “Gara”.
Correre,نیاز به بررسی,Devo correre oggi.
Bandiera,نیاز به بررسی,Ho imparato la parola “Bandiera”.
Secolo,نیاز به بررسی,Ho imparato la parola “Secolo”.
Appassionare,نیاز به بررسی,Devo appassionare oggi.
Ceri,نیاز به بررسی,Ho imparato la parola “Ceri”.
Legno,نیاز به بررسی,Ho imparato la parola “Legno”.
Cattedrale,نیاز به بررسی,Ho imparato la parola “Cattedrale”.
Ceraiolo,نیاز به بررسی,Ho imparato la parola “Ceraiolo”.
Spalle,نیاز به بررسی,Ho imparato la parola “Spalle”.
Partecipare,نیاز به بررسی,Devo partecipare oggi.
Cavaliere,نیاز به بررسی,Devo cavaliere oggi.
Colpire,نیاز به بررسی,Devo colpire oggi.
Bersaglio,نیاز به بررسی,Ho imparato la parola “Bersaglio”.
Corteo,نیاز به بررسی,Ho imparato la parola “Corteo”.
Pizzica,نیاز به بررسی,Ho imparato la parola “Pizzica”.
Taranta,نیاز به بررسی,Ho imparato la parola “Taranta”.
Si tratta di,نیاز به بررسی,L’espressione “Si tratta di” è utile in italiano.
Ossessivo,نیاز به بررسی,Ho imparato la parola “Ossessivo”.
Danzatore,نیاز به بررسی,Ho imparato la parola “Danzatore”.
Fazzoletto,نیاز به بررسی,Ho imparato la parola “Fazzoletto”.
Animare,نیاز به بررسی,Devo animare oggi.
Movimento,نیاز به بررسی,Ho imparato la parola “Movimento”.
Migliaia,نیاز به بررسی,Ho imparato la parola “Migliaia”.
Lezione 7,درس 7,Siamo alla Lezione 7.
Avere mal di,نیاز به بررسی,L’espressione “Avere mal di” è utile in italiano.
Osservare,نیاز به بررسی,Devo osservare oggi.
Denti,نیاز به بررسی,Ho imparato la parola “Denti”.
Scottarsi,نیاز به بررسی,Devo scottarsi oggi.
Stressato,نیاز به بررسی,Ho imparato la parola “Stressato”.
Stomaco,نیاز به بررسی,Ho imparato la parola “Stomaco”.
Polline,نیاز به بررسی,Ho imparato la parola “Polline”.
Prendere medicine,نیاز به بررسی,L’espressione “Prendere medicine” è utile in italiano.
Mi gira la testa,نیاز به بررسی,L’espressione “Mi gira la testa” è utile in italiano.
Bruciare,نیاز به بررسی,Devo bruciare oggi.
Gli occhi,نیاز به بررسی,L’espressione “Gli occhi” è utile in italiano.
Occhiali,نیاز به بررسی,Ho imparato la parola “Occhiali”.
Oculista,نیاز به بررسی,Ho imparato la parola “Oculista”.
Fisioterapista,نیاز به بررسی,Ho imparato la parola “Fisioterapista”.
Studio dentistico,نیاز به بررسی,L’espressione “Studio dentistico” è utile in italiano.
Studio,نیاز به بررسی,Ho imparato la parola “Studio”.
Convenzionato,نیاز به بررسی,Ho imparato la parola “Convenzionato”.
Omeopatia,نیاز به بررسی,Ho imparato la parola “Omeopatia”.
Pediatrico/a,نیاز به بررسی,Ho imparato la parola “Pediatrico/a”.
Corpo,نیاز به بررسی,Ho imparato la parola “Corpo”.
Bocca,دهان,Ho imparato la parola “Bocca”.
Petto,سینه,Ho imparato la parola “Petto”.
Braccio,بازو,Ho imparato la parola “Braccio”.
Fianco,پهلو,Ho imparato la parola “Fianco”.
Pancia,شکم,Ho imparato la parola “Pancia”.
Dito,انگشت,Ho imparato la parola “Dito”.
Gamba,پا,Ho imparato la parola “Gamba”.
Ginocchio,زانو,Ho imparato la parola “Ginocchio”.
Piede,پا / قدم,Ho imparato la parola “Piede”.
Orecchio,گوش,Ho imparato la parola “Orecchio”.
Naso,بینی,Ho imparato la parola “Naso”.
Labbro,لب,Ho imparato la parola “Labbro”.
Disturbo,اختلال / مزاحمت,Ho imparato la parola “Disturbo”.
Crema solare,کرم ضدآفتاب,Devo crema solare oggi.
Bibita,نوشیدنی,Ho imparato la parola “Bibita”.
Raffreddore,سرماخوردگی,Ho imparato la parola “Raffreddore”.
Irritazione,تحریک / التهاب,Ho imparato la parola “Irritazione”.
Pomata,پماد,Ho imparato la parola “Pomata”.
Strano,نیاز به بررسی,Ho imparato la parola “Strano”.
Far male,نیاز به بررسی,L’espressione “Far male” è utile in italiano.
Soprattutto,نیاز به بررسی,Ho imparato la parola “Soprattutto”.
Colpo di sole,نیاز به بررسی,L’espressione “Colpo di sole” è utile in italiano.
Può darsi,نیاز به بررسی,Devo può darsi oggi.
Mangiare in bianco,نیاز به بررسی,L’espressione “Mangiare in bianco” è utile in italiano.
Naturalmente,نیاز به بررسی,Ho imparato la parola “Naturalmente”.
Tra,نیاز به بررسی,Ho imparato la parola “Tra”.
Rivolgersi,نیاز به بررسی,Devo rivolgersi oggi.
Raffreddato,نیاز به بررسی,Ho imparato la parola “Raffreddato”.
Medicinale,نیاز به بررسی,Ho imparato la parola “Medicinale”.
Rilassarsi,نیاز به بررسی,Devo rilassarsi oggi.
Squadra,نیاز به بررسی,Ho imparato la parola “Squadra”.
Tai chi,نیاز به بررسی,L’espressione “Tai chi” è utile in italiano.
Macché!,نیاز به بررسی,L’espressione “Macché!” è utile in italiano.
Evidentemente,نیاز به بررسی,Ho imparato la parola “Evidentemente”.
Probabilmente,نیاز به بررسی,Ho imparato la parola “Probabilmente”.
Ottimo,نیاز به بررسی,Ho imparato la parola “Ottimo”.
Migliore,نیاز به بررسی,Ho imparato la parola “Migliore”.
Tratto,نیاز به بررسی,Ho imparato la parola “Tratto”.
Sauna,نیاز به بررسی,Ho imparato la parola “Sauna”.
Sete,نیاز به بررسی,Ho imparato la parola “Sete”.
Nuoto,نیاز به بررسی,Ho imparato la parola “Nuoto”.
Alternativa,نیاز به بررسی,Ho imparato la parola “Alternativa”.
Energia,نیاز به بررسی,Ho imparato la parola “Energia”.
Linea,نیاز به بررسی,Ho imparato la parola “Linea”.
Togliere,نیاز به بررسی,Devo togliere oggi.
Raggio,نیاز به بررسی,Ho imparato la parola “Raggio”.
Scoprirsi,نیاز به بررسی,Devo scoprirsi oggi.
Praticare,نیاز به بررسی,Devo praticare oggi.
Riempire,نیاز به بررسی,Devo riempire oggi.
Anzi,نیاز به بررسی,Ho imparato la parola “Anzi”.
Ciclista,نیاز به بررسی,Ho imparato la parola “Ciclista”.
Pedalare,نیاز به بررسی,Devo pedalare oggi.
Costruzione fisica,نیاز به بررسی,L’espressione “Costruzione fisica” è utile in italiano.
Tortura,نیاز به بررسی,Ho imparato la parola “Tortura”.
A stomaco vuoto,نیاز به بررسی,L’espressione “A stomaco vuoto” è utile in italiano.
Sottovalutare,نیاز به بررسی,Devo sottovalutare oggi.
Corsa,نیاز به بررسی,Ho imparato la parola “Corsa”.
Indicato,نیاز به بررسی,Ho imparato la parola “Indicato”.
Rappresentante,نیاز به بررسی,Ho imparato la parola “Rappresentante”.
Eseguire,نیاز به بررسی,Devo eseguire oggi.
Rimedio,نیاز به بررسی,Ho imparato la parola “Rimedio”.
Litigare,نیاز به بررسی,Devo litigare oggi.
Insonnia,نیاز به بررسی,Ho imparato la parola “Insonnia”.
Agopuntura,نیاز به بررسی,Ho imparato la parola “Agopuntura”.
Calciatore,نیاز به بررسی,Ho imparato la parola “Calciatore”.
Calciatrice,نیاز به بررسی,Ho imparato la parola “Calciatrice”.
Nuotatore,نیاز به بررسی,Ho imparato la parola “Nuotatore”.
Nuotatrice,نیاز به بررسی,Ho imparato la parola “Nuotatrice”.
Corridore,نیاز به بررسی,Ho imparato la parola “Corridore”.
Corritrice,نیاز به بررسی,Ho imparato la parola “Corritrice”.
Sciatore,نیاز به بررسی,Ho imparato la parola “Sciatore”.
Sciatrice,نیاز به بررسی,Ho imparato la parola “Sciatrice”.
Ciclismo,نیاز به بررسی,Ho imparato la parola “Ciclismo”.
Praticato,نیاز به بررسی,Ho imparato la parola “Praticato”.
Seguito,نیاز به بررسی,Ho imparato la parola “Seguito”.
Campionato,نیاز به بررسی,Ho imparato la parola “Campionato”.
Stadio,نیاز به بررسی,Ho imparato la parola “Stadio”.
Fare il tifo,نیاز به بررسی,L’espressione “Fare il tifo” è utile in italiano.
Tifare,طرفداری کردن,Devo tifare oggi.
Incitare,تشویق کردن,Devo incitare oggi.
Squadra del cuore,تیم محبوب,L’espressione “Squadra del cuore” è utile in italiano.
Attesa,انتظار,Ho imparato la parola “Attesa”.
Tifoso,هوادار,Ho imparato la parola “Tifoso”.
Soprannome,لقب,Ho imparato la parola “Soprannome”.
Maglia,پیراهن / بافتنی,Ho imparato la parola “Maglia”.
Titolato,دارای عنوان / قهرمان‌دار,Ho imparato la parola “Titolato”.
Lezione 8,درس 8,Siamo alla Lezione 8.
Egregio,محترم,Ho imparato la parola “Egregio”.
Offerta di lavoro,پیشنهاد شغلی,L’espressione “Offerta di lavoro” è utile in italiano.
Capo cuoco,سرآشپز,L’espressione “Capo cuoco” è utile in italiano.
Alberghiero,هتلداری,Ho imparato la parola “Alberghiero”.
Di lusso,لوکس,L’espressione “Di lusso” è utile in italiano.
Sistemi informatici,سیستم‌های اطلاعاتی,L’espressione “Sistemi informatici” è utile in italiano.
Governante,نیاز به بررسی,Ho imparato la parola “Governante”.
Prestigioso,نیاز به بررسی,Ho imparato la parola “Prestigioso”.
Requisiti,نیاز به بررسی,Ho imparato la parola “Requisiti”.
Dote,نیاز به بررسی,Ho imparato la parola “Dote”.
Organizzativo,نیاز به بررسی,Ho imparato la parola “Organizzativo”.
Informatica,نیاز به بررسی,Ho imparato la parola “Informatica”.
Addetta,نیاز به بررسی,Ho imparato la parola “Addetta”.
Inizialmente,نیاز به بررسی,Ho imparato la parola “Inizialmente”.
Azienda,نیاز به بررسی,Ho imparato la parola “Azienda”.
Impiegare,نیاز به بررسی,Devo impiegare oggi.
Sviluppatore,نیاز به بررسی,Ho imparato la parola “Sviluppatore”.
Significativo,نیاز به بررسی,Ho imparato la parola “Significativo”.
Operante,نیاز به بررسی,Ho imparato la parola “Operante”.
A tempo determinato,نیاز به بررسی,L’espressione “A tempo determinato” è utile in italiano.
Richiedere,نیاز به بررسی,Devo richiedere oggi.
Perito,نیاز به بررسی,Ho imparato la parola “Perito”.
Assicurativo,نیاز به بررسی,Ho imparato la parola “Assicurativo”.
Laurearsi,نیاز به بررسی,Devo laurearsi oggi.
Dare una mano a,نیاز به بررسی,L’espressione “Dare una mano a” è utile in italiano.
Sul serio,نیاز به بررسی,L’espressione “Sul serio” è utile in italiano.
Serio,نیاز به بررسی,Ho imparato la parola “Serio”.
Massimo,نیاز به بررسی,Ho imparato la parola “Massimo”.
Iniziare,نیاز به بررسی,Devo iniziare oggi.
Corso di formazione,نیاز به بررسی,L’espressione “Corso di formazione” è utile in italiano.
Futuro,نیاز به بررسی,Ho imparato la parola “Futuro”.
Progetto,نیاز به بررسی,Ho imparato la parola “Progetto”.
Iscriversi,نیاز به بررسی,Devo iscriversi oggi.
Ingegneria,مهندسی,Ho imparato la parola “Ingegneria”.
Fisso,نیاز به بررسی,Ho imparato la parola “Fisso”.
Trasferirsi,نیاز به بررسی,Devo trasferirsi oggi.
Impresa,نیاز به بررسی,Ho imparato la parola “Impresa”.
Antiquariato,نیاز به بررسی,Ho imparato la parola “Antiquariato”.
Andare in pensione,نیاز به بررسی,L’espressione “Andare in pensione” è utile in italiano.
Bisogna,نیاز به بررسی,Ho imparato la parola “Bisogna”.
Necessario,نیاز به بررسی,Ho imparato la parola “Necessario”.
Affascinante,نیاز به بررسی,Ho imparato la parola “Affascinante”.
Ricco,نیاز به بررسی,Ho imparato la parola “Ricco”.
Ordinato,نیاز به بررسی,Ho imparato la parola “Ordinato”.
Creativo,نیاز به بررسی,Ho imparato la parola “Creativo”.
Calmo,نیاز به بررسی,Ho imparato la parola “Calmo”.
Affidabile,نیاز به بررسی,Ho imparato la parola “Affidabile”.
Contatto,نیاز به بررسی,Ho imparato la parola “Contatto”.
Linguistico,نیاز به بررسی,Ho imparato la parola “Linguistico”.
Fortuna,نیاز به بررسی,Ho imparato la parola “Fortuna”.
Patente,نیاز به بررسی,Ho imparato la parola “Patente”.
Correntemente,نیاز به بررسی,Ho imparato la parola “Correntemente”.
Disposizione,نیاز به بررسی,Ho imparato la parola “Disposizione”.
Presso,نیاز به بررسی,Ho imparato la parola “Presso”.
Guida turistica,نیاز به بررسی,L’espressione “Guida turistica” è utile in italiano.
Annuncio,نیاز به بررسی,Ho imparato la parola “Annuncio”.
Frequentare,نیاز به بررسی,Devo frequentare oggi.
Domanda,نیاز به بررسی,Ho imparato la parola “Domanda”.
Cordiali saluti,نیاز به بررسی,L’espressione “Cordiali saluti” è utile in italiano.
Spettabile,نیاز به بررسی,Ho imparato la parola “Spettabile”.
Responsabile,نیاز به بررسی,Ho imparato la parola “Responsabile”.
riferimento,نیاز به بررسی,Ho imparato la parola “riferimento”.
Permettere,نیاز به بررسی,Devo permettere oggi.
In questione,نیاز به بررسی,L’espressione “In questione” è utile in italiano.
Nubile,نیاز به بررسی,Ho imparato la parola “Nubile”.
Risedere,نیاز به بررسی,Devo risedere oggi.
Liceo,نیاز به بررسی,Ho imparato la parola “Liceo”.
Diplomarsi,نیاز به بررسی,Devo diplomarsi oggi.
Votazione,نیاز به بررسی,Ho imparato la parola “Votazione”.
Quotidianamente,نیاز به بررسی,Ho imparato la parola “Quotidianamente”.
Supporto,نیاز به بررسی,Ho imparato la parola “Supporto”.
Aeroporto,نیاز به بررسی,Ho imparato la parola “Aeroporto”.
Assistente,نیاز به بررسی,Ho imparato la parola “Assistente”.
Terra,نیاز به بررسی,Ho imparato la parola “Terra”.
Oltre a,نیاز به بررسی,L’espressione “Oltre a” è utile in italiano.
Ulteriore,نیاز به بررسی,Ho imparato la parola “Ulteriore”.
Eventuale,نیاز به بررسی,Ho imparato la parola “Eventuale”.
Incontro,دیدار / جلسه,Ho imparato la parola “Incontro”.
Attenzione,توجه,Ho imparato la parola “Attenzione”.
Porre,گذاشتن / مطرح کردن,Ho imparato la parola “Porre”.
Allegato,پیوست,Ho imparato la parola “Allegato”.
Curriculum vitae,رزومه,L’espressione “Curriculum vitae” è utile in italiano.
Colloquio,مصاحبه,Ho imparato la parola “Colloquio”.
Trascrizione,رونویسی,Ho imparato la parola “Trascrizione”.
Se non sbaglio,اگر اشتباه نکنم,L’espressione “Se non sbaglio” è utile in italiano.
Imparare,یاد گرفتن,Devo imparare oggi.
Pubblico,عمومی / مخاطبان,Ho imparato la parola “Pubblico”.
Metterci,طول کشیدن / گذاشتن,Ho imparato la parola “Metterci”.
Collegato,مرتبط / وصل‌شده,Ho imparato la parola “Collegato”.
Pentirsi,پشیمان شدن,Devo pentirsi oggi.
Scelta,انتخاب,Ho imparato la parola “Scelta”.
Candidato/a,داوطلب / نامزد,Ho imparato la parola “Candidato/a”.
A partire da,از شروعِ / از تاریخِ,L’espressione “A partire da” è utile in italiano.
Non importa,مهم نیست,L’espressione “Non importa” è utile in italiano.
Colonna,نیاز به بررسی,Ho imparato la parola “Colonna”.
Venire a trovare,نیاز به بررسی,Devo venire a trovare oggi.
Tecnico,نیاز به بررسی,Ho imparato la parola “Tecnico”.
Venire a prendere,نیاز به بررسی,Devo venire a prendere oggi.
Ipotetico,نیاز به بررسی,Ho imparato la parola “Ipotetico”.
Suonare alla porta,نیاز به بررسی,L’espressione “Suonare alla porta” è utile in italiano.
Pacco,نیاز به بررسی,Ho imparato la parola “Pacco”.
Accento,نیاز به بررسی,Ho imparato la parola “Accento”.
Firma,نیاز به بررسی,Ho imparato la parola “Firma”.
Firmare,نیاز به بررسی,Devo firmare oggi.
Cassetta delle lettere,نیاز به بررسی,Devo cassetta delle lettere oggi.
Trattamento,نیاز به بررسی,Ho imparato la parola “Trattamento”.
Favorire,نیاز به بررسی,Devo favorire oggi.
Eccessivo,نیاز به بررسی,Ho imparato la parola “Eccessivo”.
Intensità,نیاز به بررسی,Ho imparato la parola “Intensità”.
Ritmo,نیاز به بررسی,Ho imparato la parola “Ritmo”.
Europeo,نیاز به بررسی,Ho imparato la parola “Europeo”.
Sotto pressione,نیاز به بررسی,L’espressione “Sotto pressione” è utile in italiano.
Lavoratore,نیاز به بررسی,Ho imparato la parola “Lavoratore”.
Autonomamente,نیاز به بررسی,Ho imparato la parola “Autonomamente”.
Salire,نیاز به بررسی,Devo salire oggi.
Svolgere,نیاز به بررسی,Devo svolgere oggi.
Tramite,نیاز به بررسی,Ho imparato la parola “Tramite”.
In media,نیاز به بررسی,L’espressione “In media” è utile in italiano.
UE,نیاز به بررسی,Ho imparato la parola “UE”.
Unione Europea,نیاز به بررسی,L’espressione “Unione Europea” è utile in italiano.
Settimanale,نیاز به بررسی,Ho imparato la parola “Settimanale”.
Impegnato,نیاز به بررسی,Ho imparato la parola “Impegnato”.
A tempo parziale,نیاز به بررسی,L’espressione “A tempo parziale” è utile in italiano.
Evidente,نیاز به بررسی,Ho imparato la parola “Evidente”.
Occupazione,نیاز به بررسی,Ho imparato la parola “Occupazione”.
Numeroso,نیاز به بررسی,Ho imparato la parola “Numeroso”.
Prestigio,نیاز به بررسی,Ho imparato la parola “Prestigio”.
Potere,نیاز به بررسی,Devo potere oggi.
Elevato,نیاز به بررسی,Ho imparato la parola “Elevato”.
Il carico di lavoro,نیاز به بررسی,L’espressione “Il carico di lavoro” è utile in italiano.
Aggravare,نیاز به بررسی,Devo aggravare oggi.
Cura,نیاز به بررسی,Ho imparato la parola “Cura”.
Appena,نیاز به بررسی,Ho imparato la parola “Appena”.
Faccende di casa,نیاز به بررسی,L’espressione “Faccende di casa” è utile in italiano.
Fattore,نیاز به بررسی,Ho imparato la parola “Fattore”.
Importanza,نیاز به بررسی,Ho imparato la parola “Importanza”.
Stipendio,نیاز به بررسی,Ho imparato la parola “Stipendio”.
Vicinanza,نیاز به بررسی,Ho imparato la parola “Vicinanza”.
Datore di lavoro,نیاز به بررسی,L’espressione “Datore di lavoro” è utile in italiano.
Flessibilità,نیاز به بررسی,Ho imparato la parola “Flessibilità”.
Avanzamento di carriera,نیاز به بررسی,L’espressione “Avanzamento di carriera” è utile in italiano.
Apprendere,نیاز به بررسی,Devo apprendere oggi.
Creatività,نیاز به بررسی,Ho imparato la parola “Creatività”.
Da oltre,نیاز به بررسی,L’espressione “Da oltre” è utile in italiano.
Avvocato,نیاز به بررسی,Ho imparato la parola “Avvocato”.
Traduttore,نیاز به بررسی,Ho imparato la parola “Traduttore”.
Istituzione,نیاز به بررسی,Ho imparato la parola “Istituzione”.
Cittadino,نیاز به بررسی,Ho imparato la parola “Cittadino”.
Aspetto positivo,نیاز به بررسی,L’espressione “Aspetto positivo” è utile in italiano.
Aspetto negativo,نیاز به بررسی,L’espressione “Aspetto negativo” è utile in italiano.
Di seguito,نیاز به بررسی,L’espressione “Di seguito” è utile in italiano.
Dati personali,نیاز به بررسی,L’espressione “Dati personali” è utile in italiano.
Nascita,نیاز به بررسی,Ho imparato la parola “Nascita”.
Stato civile,نیاز به بررسی,L’espressione “Stato civile” è utile in italiano.
Studi,نیاز به بررسی,Ho imparato la parola “Studi”.
Specializzazioni,نیاز به بررسی,Ho imparato la parola “Specializzazioni”.
Interessi personali,نیاز به بررسی,L’espressione “Interessi personali” è utile in italiano.
Stage,نیاز به بررسی,Ho imparato la parola “Stage”.
Scritta,نیاز به بررسی,Ho imparato la parola “Scritta”.
Parlata,نیاز به بررسی,Ho imparato la parola “Parlata”.
Maturità,نیاز به بررسی,Ho imparato la parola “Maturità”.
Scienze politiche,علوم سیاسی,L’espressione “Scienze politiche” è utile in italiano.
Laurea,مدرک دانشگاهی,Ho imparato la parola “Laurea”.
Lettere,ادبیات,Devo lettere oggi.
Psicologia,روان‌شناسی,Ho imparato la parola “Psicologia”.
Giurisprudenza,حقوق,Ho imparato la parola “Giurisprudenza”.
Campione,قهرمان / نمونه,Ho imparato la parola “Campione”.
Motociclismo,موتورسیکلت‌رانی,Ho imparato la parola “Motociclismo”.
Causa,علت / پرونده,Ho imparato la parola “Causa”.
Campo,میدان / حوزه,Ho imparato la parola “Campo”.
Basato,مبتنی,Ho imparato la parola “Basato”.
Sorprendente,شگفت‌انگیز,Ho imparato la parola “Sorprendente”.
Mestiere,حرفه,Devo mestiere oggi.
Lezione 9,درس 9,Siamo alla Lezione 9.
Anima gemella,نیمه گمشده,L’espressione “Anima gemella” è utile in italiano.
Principe azzurro,شاهزاده رؤیایی,L’espressione “Principe azzurro” è utile in italiano.
Colpo di fulmine,عشق در نگاه اول,L’espressione “Colpo di fulmine” è utile in italiano.
A prima vista,نیاز به بررسی,L’espressione “A prima vista” è utile in italiano.
Matrimoniale,نیاز به بررسی,Ho imparato la parola “Matrimoniale”.
Succedere,نیاز به بررسی,Devo succedere oggi.
Rubare,نیاز به بررسی,Devo rubare oggi.
Tasca,نیاز به بررسی,Ho imparato la parola “Tasca”.
Furto,نیاز به بررسی,Ho imparato la parola “Furto”.
Versare,نیاز به بررسی,Devo versare oggi.
Succo,نیاز به بررسی,Ho imparato la parola “Succo”.
Finalmente,نیاز به بررسی,Ho imparato la parola “Finalmente”.
All’inizio,نیاز به بررسی,L’espressione “All’inizio” è utile in italiano.
In corso,نیاز به بررسی,L’espressione “In corso” è utile in italiano.
Giornata nera,نیاز به بررسی,L’espressione “Giornata nera” è utile in italiano.
La sai l’ultima?,نیاز به بررسی,L’espressione “La sai l’ultima?” è utile in italiano.
Panchina,نیاز به بررسی,Ho imparato la parola “Panchina”.
Sedersi,نیاز به بررسی,Devo sedersi oggi.
Accorgersi,نیاز به بررسی,Devo accorgersi oggi.
Scoprire,نیاز به بررسی,Devo scoprire oggi.
Palazzo,نیاز به بررسی,Ho imparato la parola “Palazzo”.
Alzare,نیاز به بررسی,Devo alzare oggi.
Immediatamente,نیاز به بررسی,Ho imparato la parola “Immediatamente”.
Sorridere,نیاز به بررسی,Devo sorridere oggi.
Che cos’hai?,نیاز به بررسی,L’espressione “Che cos’hai?” è utile in italiano.
Arrossire,نیاز به بررسی,Devo arrossire oggi.
Biglietto,نیاز به بررسی,Ho imparato la parola “Biglietto”.
Scatola,نیاز به بررسی,Ho imparato la parola “Scatola”.
Dettagli,نیاز به بررسی,Ho imparato la parola “Dettagli”.
Accaduto,نیاز به بررسی,Ho imparato la parola “Accaduto”.
Lasciamo stare,نیاز به بررسی,Devo lasciamo stare oggi.
Disastro,نیاز به بررسی,Ho imparato la parola “Disastro”.
Comunque sia,نیاز به بررسی,L’espressione “Comunque sia” è utile in italiano.
Localino,نیاز به بررسی,Ho imparato la parola “Localino”.
Lume,نیاز به بررسی,Ho imparato la parola “Lume”.
Candela,نیاز به بررسی,Ho imparato la parola “Candela”.
Mettersi a,نیاز به بررسی,L’espressione “Mettersi a” è utile in italiano.
Breve,نیاز به بررسی,Ho imparato la parola “Breve”.
Per tre,نیاز به بررسی,L’espressione “Per tre” è utile in italiano.
Ubriaco,نیاز به بررسی,Ho imparato la parola “Ubriaco”.
Portafoglio,نیاز به بررسی,Ho imparato la parola “Portafoglio”.
Congiunzione,نیاز به بررسی,Ho imparato la parola “Congiunzione”.
Quindi,نیاز به بررسی,Ho imparato la parola “Quindi”.
Però,نیاز به بررسی,Ho imparato la parola “Però”.
Quando,نیاز به بررسی,Ho imparato la parola “Quando”.
Perché,نیاز به بررسی,Ho imparato la parola “Perché”.
Galateo,نیاز به بررسی,Ho imparato la parola “Galateo”.
Galanteria,نیاز به بررسی,Ho imparato la parola “Galanteria”.
Passato di moda,نیاز به بررسی,L’espressione “Passato di moda” è utile in italiano.
Mettere in pratica,نیاز به بررسی,L’espressione “Mettere in pratica” è utile in italiano.
Baciamano,نیاز به بررسی,Ho imparato la parola “Baciamano”.
Usanza,نیاز به بررسی,Ho imparato la parola “Usanza”.
Superato,نیاز به بررسی,Ho imparato la parola “Superato”.
Sconosciuto,نیاز به بررسی,Ho imparato la parola “Sconosciuto”.
Tenere,نیاز به بررسی,Devo tenere oggi.
Dividere,نیاز به بررسی,Devo dividere oggi.
Parità,نیاز به بررسی,Ho imparato la parola “Parità”.
Finché,نیاز به بررسی,Ho imparato la parola “Finché”.
Minigonna,نیاز به بررسی,Ho imparato la parola “Minigonna”.
Figura,نیاز به بررسی,Ho imparato la parola “Figura”.
Impegnativo,نیاز به بررسی,Ho imparato la parola “Impegnativo”.
Fondamentale,نیاز به بررسی,Ho imparato la parola “Fondamentale”.
Trasmettere,منتقل کردن / پخش کردن,Devo trasmettere oggi.
Davanti,جلو / روبه‌رو,Ho imparato la parola “Davanti”.
Scollatura,یقه باز,Ho imparato la parola “Scollatura”.
Trucco,آرایش / ترفند,Ho imparato la parola “Trucco”.
Collana,گردنبند / مجموعه کتاب,Ho imparato la parola “Collana”.
Aggressivo,تهاجمی,Ho imparato la parola “Aggressivo”.
Mettere i capelli a posto,موها را مرتب کردن,L’espressione “Mettere i capelli a posto” è utile in italiano.
Costoso,گران,Ho imparato la parola “Costoso”.
Pub,میخانه / پاب,Ho imparato la parola “Pub”.
Voi stessi,خودتان,L’espressione “Voi stessi” è utile in italiano.
Argomento,موضوع,Ho imparato la parola “Argomento”.
Risata,خنده,Ho imparato la parola “Risata”.
Sconveniente,نامناسب,Ho imparato la parola “Sconveniente”.
Esagerato,اغراق‌آمیز,Ho imparato la parola “Esagerato”.
Lezione 10,درس 10,Siamo alla Lezione 10.
Casale,نیاز به بررسی,Ho imparato la parola “Casale”.
Ristrutturato,نیاز به بررسی,Ho imparato la parola “Ristrutturato”.
In stile,نیاز به بررسی,L’espressione “In stile” è utile in italiano.
Vendesi,نیاز به بررسی,Ho imparato la parola “Vendesi”.
Attico,نیاز به بررسی,Ho imparato la parola “Attico”.
Condominio,نیاز به بررسی,Ho imparato la parola “Condominio”.
Mansarda,نیاز به بررسی,Ho imparato la parola “Mansarda”.
Cucinotto,نیاز به بررسی,Ho imparato la parola “Cucinotto”.
Ampio,نیاز به بررسی,Ho imparato la parola “Ampio”.
Delizioso,نیاز به بررسی,Ho imparato la parola “Delizioso”.
Angolo,نیاز به بررسی,Ho imparato la parola “Angolo”.
Angolo cottura,نیاز به بررسی,L’espressione “Angolo cottura” è utile in italiano.
Mensile,نیاز به بررسی,Ho imparato la parola “Mensile”.
Bifamiliare,نیاز به بررسی,Devo bifamiliare oggi.
Pensionato,نیاز به بررسی,Ho imparato la parola “Pensionato”.
Isolato,نیاز به بررسی,Ho imparato la parola “Isolato”.
Luminoso,نیاز به بررسی,Ho imparato la parola “Luminoso”.
Centrale,نیاز به بررسی,Ho imparato la parola “Centrale”.
Esigente,نیاز به بررسی,Ho imparato la parola “Esigente”.
Sempre,نیاز به بررسی,Ho imparato la parola “Sempre”.
Non se ne fa niente,نیاز به بررسی,L’espressione “Non se ne fa niente” è utile in italiano.
Un sacco di,نیاز به بررسی,L’espressione “Un sacco di” è utile in italiano.
Spazioso,نیاز به بررسی,Ho imparato la parola “Spazioso”.
Avvicinarsi,نیاز به بررسی,Devo avvicinarsi oggi.
A quanto ho capito,نیاز به بررسی,L’espressione “A quanto ho capito” è utile in italiano.
Vi sentite,نیاز به بررسی,L’espressione “Vi sentite” è utile in italiano.
Lo stesso,نیاز به بررسی,L’espressione “Lo stesso” è utile in italiano.
Va’,نیاز به بررسی,L’espressione “Va’” è utile in italiano.
Il congiuntivo,نیاز به بررسی,L’espressione “Il congiuntivo” è utile in italiano.
Esclusivamente,نیاز به بررسی,Ho imparato la parola “Esclusivamente”.
Soggettivo,نیاز به بررسی,Ho imparato la parola “Soggettivo”.
Impersonale,نیاز به بررسی,Ho imparato la parola “Impersonale”.
Tenersi conto,نیاز به بررسی,L’espressione “Tenersi conto” è utile in italiano.
Assolutamente,نیاز به بررسی,Ho imparato la parola “Assolutamente”.
Magico,نیاز به بررسی,Ho imparato la parola “Magico”.
Ghetto,نیاز به بررسی,Ho imparato la parola “Ghetto”.
Traversa,نیاز به بررسی,Ho imparato la parola “Traversa”.
Livello,نیاز به بررسی,Ho imparato la parola “Livello”.
Ripido,نیاز به بررسی,Ho imparato la parola “Ripido”.
Ospite,نیاز به بررسی,Ho imparato la parola “Ospite”.
Parquet,نیاز به بررسی,Ho imparato la parola “Parquet”.
Dare su,نیاز به بررسی,L’espressione “Dare su” è utile in italiano.
Cortile,نیاز به بررسی,Ho imparato la parola “Cortile”.
Canale,نیاز به بررسی,Ho imparato la parola “Canale”.
Elettrodomestico,نیاز به بررسی,Ho imparato la parola “Elettrodomestico”.
Non c’entra con,نیاز به بررسی,L’espressione “Non c’entra con” è utile in italiano.
Silenzioso,نیاز به بررسی,Ho imparato la parola “Silenzioso”.
Acqua alta,نیاز به بررسی,L’espressione “Acqua alta” è utile in italiano.
Frequente,نیاز به بررسی,Ho imparato la parola “Frequente”.
Fammi sapere!,نیاز به بررسی,L’espressione “Fammi sapere!” è utile in italiano.
Accogliente,نیاز به بررسی,Ho imparato la parola “Accogliente”.
Soluzione,نیاز به بررسی,Ho imparato la parola “Soluzione”.
Buio,نیاز به بررسی,Ho imparato la parola “Buio”.
Spoglio,نیاز به بررسی,Ho imparato la parola “Spoglio”.
Pieno,نیاز به بررسی,Ho imparato la parola “Pieno”.
Mobili,نیاز به بررسی,Ho imparato la parola “Mobili”.
Pianta,نیاز به بررسی,Ho imparato la parola “Pianta”.
Aggiungere,نیاز به بررسی,Devo aggiungere oggi.
Dipingere,نیاز به بررسی,Devo dipingere oggi.
Le pareti,نیاز به بررسی,L’espressione “Le pareti” è utile in italiano.
Arredare,نیاز به بررسی,Devo arredare oggi.
Destinato,نیاز به بررسی,Ho imparato la parola “Destinato”.
Water,نیاز به بررسی,Ho imparato la parola “Water”.
Vasca da bagno,نیاز به بررسی,L’espressione “Vasca da bagno” è utile in italiano.
Comodino,نیاز به بررسی,Ho imparato la parola “Comodino”.
Lavabo,نیاز به بررسی,Ho imparato la parola “Lavabo”.
Scrivania,نیاز به بررسی,Ho imparato la parola “Scrivania”.
Lavandino,سینک,Ho imparato la parola “Lavandino”.
Cucina a gas,اجاق گاز,L’espressione “Cucina a gas” è utile in italiano.
Supporre,فرض کردن,Ho imparato la parola “Supporre”.
Controllo,کنترل,Ho imparato la parola “Controllo”.
Conveniente,مناسب / به‌صرفه,Ho imparato la parola “Conveniente”.
Se lo dici tu,اگر تو می‌گویی,L’espressione “Se lo dici tu” è utile in italiano.
Affermazione,اظهار / ادعا,Ho imparato la parola “Affermazione”.
È tenuta meglio,بهتر نگهداری شده است,L’espressione “È tenuta meglio” è utile in italiano.
Credere,باور کردن,Devo credere oggi.
Secondo me,به نظر من,L’espressione “Secondo me” è utile in italiano.
Per me,از نظر من / برای من,L’espressione “Per me” è utile in italiano.
Ruolo,نقش,Ho imparato la parola “Ruolo”.
Punto di vista,دیدگاه,L’espressione “Punto di vista” è utile in italiano.
Dissuadere,منصرف کردن,Devo dissuadere oggi.
Sposato,نیاز به بررسی,Ho imparato la parola “Sposato”.
Impressione,نیاز به بررسی,Ho imparato la parola “Impressione”.
Prestare,نیاز به بررسی,Devo prestare oggi.
Vicino,نیاز به بررسی,Ho imparato la parola “Vicino”.
Arredamento,نیاز به بررسی,Ho imparato la parola “Arredamento”.
Rivista,نیاز به بررسی,Ho imparato la parola “Rivista”.
Specializzato,نیاز به بررسی,Ho imparato la parola “Specializzato”.
Intervistatore,نیاز به بررسی,Ho imparato la parola “Intervistatore”.
Raggruppato,نیاز به بررسی,Ho imparato la parola “Raggruppato”.
Ricercatore,نیاز به بررسی,Ho imparato la parola “Ricercatore”.
Tipologia,نیاز به بررسی,Ho imparato la parola “Tipologia”.
Dominante,نیاز به بررسی,Ho imparato la parola “Dominante”.
Trentenne,نیاز به بررسی,Ho imparato la parola “Trentenne”.
Concentrare,نیاز به بررسی,Devo concentrare oggi.
Abitualmente,نیاز به بررسی,Ho imparato la parola “Abitualmente”.
Quarantenne,نیاز به بررسی,Ho imparato la parola “Quarantenne”.
Cinquantenne,نیاز به بررسی,Ho imparato la parola “Cinquantenne”.
Prevalere,نیاز به بررسی,Devo prevalere oggi.
Rappresenza,نیاز به بررسی,Ho imparato la parola “Rappresenza”.
Calore,نیاز به بررسی,Ho imparato la parola “Calore”.
Sessantenne,نیاز به بررسی,Ho imparato la parola “Sessantenne”.
Settantenne,نیاز به بررسی,Ho imparato la parola “Settantenne”.
Notevole,نیاز به بررسی,Ho imparato la parola “Notevole”.
Insaputo,نیاز به بررسی,Ho imparato la parola “Insaputo”.
Carico di,نیاز به بررسی,L’espressione “Carico di” è utile in italiano.
Appeso,نیاز به بررسی,Ho imparato la parola “Appeso”.
Immancabile,نیاز به بررسی,Ho imparato la parola “Immancabile”.
Trionfare,نیاز به بررسی,Devo trionfare oggi.
Arredo,نیاز به بررسی,Ho imparato la parola “Arredo”.
Appartenere,نیاز به بررسی,Devo appartenere oggi.
